file_name,smiles
656eaab3e4c5451ff66454b56e0748e9dc8741f9,Clc1ccc(NC(=O)Nc2ccc(cc2)-c2csc3c2C(=O)c2ccccc2C3=O)cc1Cl
0d7e800964fadef6c21c58be35665f1ddb277d04,Clc1ccc(cc1Cl)-c1ccc(cc1)-n1c(=O)[nH]c2c3cc(ccc3oc2c1=O)C#N
0510d1d22d77d43dc60ba78a5d0cc043939cd04e,Brc1cncc(Nc2cccc(NC(=O)Cc3ccccn3)c2)c1
d77ab2b6d3b729749d79c3a01006bee1893bc2c8,NC1=NC(=O)C(N1)=C1CCNC(=O)c2[nH]c3ccc(cc3c12)C(F)(F)F
539d1d24e06d136fb29cbe7083fb969dfb6ff255,Cc1ccc(cc1C)N1CCN(CC1)C(=O)c1ccc(o1)-c1ccc(Br)cc1
f3aa0c74edf25f610eca32c8d848f664c6663328,Brc1[nH]c2c(c1Br)c(Br)c(s2)C(=O)NC1CC1
3ee76a47ec84891c972a3bdd6596c74898c58f9e,Cc1[nH]n(-c2nc3ccccc3[nH]2)c(=O)c1N=Nc1ccccc1
990a9ebbdd59f6d28d753738fed1ca9a7bc6206a,Brc1[nH]c2c(c1Cl)C(CCNC2=O)=NNc1ccncc1
4e385630cfa313d0117801fae177a2c734ae93d2,NC1=NC(=O)C(N1)=C1CCNC(=O)c2[nH]c(Br)cc12
76a8f52ad5c8e43c5ca296fae56cd43ccf9f9dfc,Cc1cc(Nc2ccc(Br)cn2)nc(n1)-c1ccc(Cl)s1
82aa16fc12af2ea3f4c69a253f59569126da89d4,Brc1ccccc1NC(=O)c1ccc2[nH]nc(-c3ccc(Br)cc3)c2c1
9b53a16abd0ee982d845147f3e2567530b4338ce,Clc1ccc(s1)C1=NN(C(C1)c1ccco1)C(=O)c1ccc(Cl)cc1
e7b4ab747a0be90dc93fb4d0c1539f8930e1f337,O=C1N(Cc2c1[nH]c1ccccc21)c1ccccc1
84f974a62973962c372ef3a69621f4561a50d6a0,Fc1ccc(NC(=O)c2ccc(CN3CCCCC3)cc2)cc1
07749e426971a9452f0c7fbddbbbe76eb3693ae7,Fc1ccc(cc1)C(=O)N1CC(CC1=O)NC(=O)c1ccc(NC(=O)C=C)cc1
81a03eed49912c775e878212fa9d01386372c691,Clc1[nH]c2c(Cl)cc(cc2c1Br)C1C=CCC(=O)C=C1
33fea1d580ebeb8d398d595a8fbad9a088905bfc,Clc1ccc(Nc2nc3ccc(NC(=O)CCCN4CCCC4)cc3[nH]2)cc1
f915e9845f99553d087da28b32207630c8045b26,Brc1cccc(NC(=O)CCCOc2ccc(cc2)-c2cc(=O)c3ccc(Cl)cc3o2)c1
09862c47b87682ddee92b8e897593b53721da3cc,Clc1[nH]c2c(c1Br)C(CCNC2=O)=NNc1ccncc1
db889024513c13547f48f2369797a659e5885533,Brc1cccc(c1)C1=NN(C(C1)c1cccs1)C(=S)Nc1ccccc1
87f4e75e7f85e9a1f6b9b32598310dc738a3cf5c,Clc1cccc(c1)-c1ccc2nc(NC(=O)c3ccccc3)sc2c1
ee645910f90d71e5d0b261ea0420d699851edbfc,Brc1ccc2c(c1)nc(N=NCc1ccc(o1)-c1ccc(cc1)C#N)c1cccn21
1840cda86a48e3707ff94bbfb8a67d3fcc8e3042,NC(=O)c1cncc(Nc2ccc(Oc3ccnc(NC(=O)C4CC4)c3)cc2)c1
5e502b187291735bb921b32f624a7d7124bc7146,Brc1ccccc1NC(=O)Cc1csc2c(Br)c(Br)c(Br)c(Br)c12
06d3dedcec0dac0458bb467469080640ff46d99a,O=C1Nc2ccc(cc2C1=O)S(=O)(=O)Nc1cccc(c1)-c1nc2cccnc2s1
4e4daa294418be66e075828d5d0ce4f9ed806473,Clc1cccc(NC(=O)Nc2ccc(cc2)-c2csc3[nH]nc(N4CCOCC4)c23)c1
72e4f4733af3ac20c42bb943989808d1d7a0c057,Clc1cccc(c1)C(=O)NCCN1CCCCC1
dec2cdd988f6c670a48814ee47c40887f3db4231,NC1=NC(=O)C(N1)=C1CCNC(=O)c2[nH]c3ccc(cc3c12)N(=O)=O
aef0121d3c7a62967f65583ef6a32281be098df5,Clc1ccc2[nH]c-3c(CC(=O)N(Cc4ccco4)c4ccccc-34)c2c1
de65248c62e15e29ce0fa8ed0d2d8fbccabee677,Clc1[nH]c2c(cc3ccccc3c2c1Br)C(N1CCNCC1)c1ccccc1
aaf1718d881bf73a1ff50d64e695bc6326bc9d66,Nc1nc(Nc2ccc(cc2)S(N)(=O)=O)nn1C(=O)c1c(F)cccc1F
3f0a753dc28f75095737250e412b805ff28b6e07,Cc1ccc(s1)C1=NC(C(C1C#N)c1nc2ccc(cc2[nH]1)C#N)C(=O)N1CCCCC1
df941993df183fe0e44de6df343e8d9e4ae26270,Brc1[nH]c2c(c1Br)C(CCNC2=O)=NNc1ccccn1
10d78838ca1056132ee1b20b5622c0546cbfbc20,NC1=NC(=O)C(N1)=C1CCNC(=O)c2[nH]c(Br)c(Br)c12
9384659594c3379dbadb8733f929823bd9cb5851,NC(=O)c1ccc(cc1)-c1nc(c([nH]1)-c1ccc(F)cc1)-c1ccncc1
064f41eb96a31b0a8f5cae22f12c41d5c671305d,Brc1[nH]c2c(c1C(=O)OC1CCCC1)C(CCNC2=O)=NNc1ccccn1
7a8403df15fd0962566b78ef04f320740d8ec8b8,Clc1ccc(NC(=O)c2ccc3[nH]c4c(ccc5ccccc45)c3c2)cc1
818335c1a80d1a07c19dc65a5ab0fcc58fed0def,NC1=NC2(CCN(CC2)C(=O)c2ccc(OC(F)(F)F)cc2)C(=O)N1CCc1ccc(Cl)cc1
ebb498e253a1c8c052c88eddbd2d9f76896246fd,O=C1NC(=O)\C(N1)=C1\C(=O)Nc2ccc(cc12)-c1nnn[nH]1
c8c78b7edd503ddda6e9b6260752135c3a2f5608,Clc1ccc(NC(=O)c2ccc(CN3CCCCC3)cc2)cc1Cl
7d60a3693d573ab28de98db38c137038b1d6f252,O=C1N(Cc2ccccc12)C1CCCC1
072241c4b598dda43f5737cd90b12f5e6896f18a,NC(=O)c1ccc(s1)-c1ccc2ncc(C(=O)Nc3ccc(CN4CCCCC4)cc3)n2c1
68961cdf7c64edc62829eeb35e050440e089d331,Cc1[nH]c2c(c1-c1ccccc1)C(C)(C)CC2(C)C
862c8995385c7a2d312b71e9d6e13d5531b3bd6e,Nc1cc(N)c2nc(c(NCc3ccc(cc3)C(=O)Nc3cccnc3)cc2n1)-c1ccccc1
554954df05279f90b3d643187652bd3f2713e93c,Brc1cncc(c1)C(=O)NC1=CC(=O)C(=O)c2ccccc12
6efe231b5d3cdc43006c2330674393da3505fb14,Clc1[nH]c2c(c1Cl)C(CCNC2=O)=NNc1ccccn1
a196a788d6a861dcfe01b2cdd0e6e44298dc1fd4,Clc1cccc(NC(=O)c2cccc(NC(=O)C=C)c2)c1
7ba518634072d040df27f60803749cb8ece26584,Brc1cccc(NC(=O)Nc2ccc(cc2)-c2cn3ccnc3c(n2)-c2ccccc2)c1
4bce01e67412f6a994d7b40579c89ff57c67e996,Nc1nc(Nc2ccc(cc2)N2CCOCC2)nn1-c1cccc(F)n1
b0eecec3907f0f98d21e33482a6a7e89aef3a897,O=C1NC(=O)C(=C1c1cn(CCc2ccccc2)c2ccccc12)c1ccccc1
907cd1303cf740cb58b9dc13f9d28029f53fefd9,NC(=O)c1cc(ccc1NC(=O)c1ccc(CN2CCN(CCO)CC2)cc1)-c1cccs1
38a6d14645c2429f0669da4a73ab899c379c5707,NC1=NC(C(=O)N1)=C1CCNC(=O)c2[nH]c3c(ccc(Br)c3c12)C#N
b646e85d5afa84b149075fdd26bb2656bd19905b,NC(=O)c1cc(NC(=O)CCNC(=O)c2cccc(c2)C(F)(F)F)cc(c1)-c1ccncc1
2bcd6476d09d252625ba3c40b4bcb05345d76a3b,Clc1ccc2c(c1)nc1s\c(=C/c3ccc(o3)-c3cccc(c3)C#N)c(=O)n21
2dc6bc7f94b2af0a1460de4c696a0e48a51a4e4e,Clc1ccc(NC(=O)CNC(=O)c2ccc3[nH]c4CCCCc4c3c2)cc1
b3b5014f320d9fb1db8b57a08a641fa4d05c2ca1,Fc1ccc(Nc2ncnc3[nH]c4CCCCc4c23)cc1
7d45769fba98564c5a2c8de8d1a7b7d65de1528a,NC1=NC(=O)C(N1)=C1CCNC(=O)c2[nH]ccc12
24f7c1b34440db87905e490c44b2e76275c82234,Clc1cccc(NC(=O)c2ccc(s2)N2C(=O)C=CC2=O)c1
9df5ff51ec7d0ead07ddf572c10bf843548d0a36,Nc1nc(Nc2ccc(cc2)C(O)=O)nn1C(=O)c1c(F)cccc1F
b83207fb761430661c0378e0b0c44fedd692b35d,Clc1ccc(NC(=O)Nc2ccc(CN3CCCCC3)cc2)cc1Cl
ebd384730dad465771eb4b9aa12ef7f4e7e711b1,Cc1ccc(cc1)-c1cc(NC(=O)C=C)ncc1-c1ccccn1
07bbcabd4a4f66a405e9834ac249feea0b05f1f3,Clc1ccc(Nc2nc3ccccc3n3cncc23)cc1
79bf6df6cc285b64a4b23317e8752a62afdf9d69,Clc1cccc(Cl)c1C(=O)N1CCN(CC1)C(=O)c1ccc2[nH]ncc2c1
7170cd1190472ca1734816c2a812d01749373edb,Clc1ccc2c(c1)sn(-c1nc(Nc3ccc(cc3)N3CCNCC3)ncc1Cl)c2=O
8000723de37713ac0f9df63ca7f210fc3c585dff,O=C1N(Cc2[nH]c3ccccc3c2-c2ccc(cc2)-c2ccccc2)C(=O)c2ccccc12
4d4c73a1b42563d6c702551be2e3ab4c22b4cae6,Clc1cccc(NC(=O)Cc2nc3c4cccnc4sc3c(=O)[nH]2)c1
e41782e7c4f05b2ba0591202baaff1af073b8161,Clc1cccc(c1)C1=CN(CCc2ccccc2)C(=O)C1=O
7c980b4c7962fe5adfd397f8d7e00562a5013956,Brc1ccc(s1)C(=O)Nc1cc2c(cc1N=O)[nH]c(=O)[nH]c2=O
37fd8086076154b915d52c0d2411be3acd4f884b,Clc1ccc2c(c1)sc1c(ncnc21)N1CCN(CC1)C(=O)C=C
8336b49660c74c7db29604433b1279f85dc9847c,Clc1cccc(Nc2nc(NCc3cccnc3)c3[nH]cnc3n2)c1
088a9021f9a4a8dcf96d06e97878bce7fc645aa7,Cc1cc(ccc1-c1cc2nccc(N[C@H]3CC[C@@H](CC3)NC(=O)c3cccnc3)n2n1)C#N
a7e0cd896c220562727bc581174ed6cb9218bdd5,Clc1cc(NC(=O)CN2CCCC2)ccc1NC(=O)c1ccc(s1)-c1ccncc1
a1a97908bbf4031c0945c3c6dd6607fc918b8a68,O=C1NC(=O)c2ccc(cc2C1=O)N1CC[C@H](C1)NC1=CC(=O)C=C(Nc2ccccc2)C1=O
fdeb45646a602b6c07798cce2817ecd10c94f515,Clc1ccc(Nc2nc(NCc3ccccc3)c3[nH]cnc3n2)cc1
1b294288ab1fb1f8619f16293dcd2f1048856927,Clc1cccc(Cl)c1NC(=O)c1ccc(Nc2nc3ccccc3s2)cc1
e1ffdc0dde87ec093254bc05727992bb91425330,Fc1ccccc1-c1ccc(\C=N\NC(=O)c2cccnc2)o1
aa3fcad7e82738a2741cd6c8f280e4fc56f95ade,Cc1[nH]c2c(c1-c1ccc(o1)C(=O)NCCN1CCOCC1)C(C)(C)CC2(C)C
0a9591de04c117ef417c3a7ca4d82e4184ee11b6,Clc1ccc(cc1Cl)C1CC(=NN1C(=O)c1ccc(Br)cc1)c1ccccc1
c17eea431a9086ed1793ab79b6e8f7a4f3395910,Clc1ccc(NC(=O)c2ccc3[nH]ncc3c2)cc1
a1559c8950a797974ae7885a07034cb28e52da7f,Nc1nc(Nc2ccc(cc2)N2CCOCC2)nn1-c1cccc(Cl)n1
5bf917349ecdfd63fe769b3e6aa2f2372812bf9b,Clc1ccc2[nH]cc(\C=C3\C(=O)Nc4ccc(cc34)S(=O)(=O)N3CCCC3)c2c1
51eeaddf239fc504e5be18dd7d7c57b74aa8ad9a,Fc1ccc(NC(=O)c2ccc(Cn3c4cc(Cl)ccc4oc3=O)cc2)cc1
ced9292990b2f108c5ee5a2c5196aa20b9725d38,Clc1ccc(NC(=O)C2CCN(CC2)c2ncnc3[nH]ccc23)cc1Cl
d37908a1e7dbfcbc8e16afcc5efa77b557fa30b9,Brc1ccc2c(c1)c(nc1[nH]nc(-c3ccccc3)c21)N1CCCC1
537b2a867382739cc61e39035a94fba9ee642ecb,Nc1ccc(cc1)C(=O)c1cc(O)c(Cl)cc1Cl
56a86b36116425aaed09844eb4d74b7a437eac0a,Fc1ccc(Nc2nc3[nH]ncc3c(=O)n2-c2ccc(Cl)cc2)cc1
0a78c02e4e0099b8d478e46d88c5866042352dcb,Brc1cccc(NC(=O)Cc2nc(Nc3ccc(cc3)N3CCOCC3)ncc2C#N)c1
2745258b727f54b246322542b933c434a98a3de0,Cc1[nH]c2c(c1-c1ccncc1)C(C)(C)CC2(C)C
f00833a0b6bc249b50142b24903f4409186747e7,Clc1cccc(c1)-n1cc(nn1)-c1ccc2[nH]ncc2c1
4f270353d4cde942f7d81d6b3e7027725baec2ed,Clc1cccc(c1)-c1n[nH]c2ccc(NC(=O)N3CCC(CC3)N3CCCCC3)cc12
9d022bdec036e3d429c0659c22f4883f390e9825,NC(=O)c1cc(ccc1NC1CCN(Cc2ccc(Cl)cc2)CC1)-c1ccccc1
dd95940e10a7f42de27da4602670247ee18e57b2,O=c1[nH]c2ccc(cc2c(=O)[nH]1)S(=O)(=O)Nc1cccc(Oc2ccccc2)c1
dd3a3d8cbee56eec47212eb3ecce6cb52e0d203d,Brc1ccc(NC(=O)Cc2ccc(cc2)-c2cn(CCC3CCNCC3)c3ccc(Br)cc23)cc1
c99cf1fc1eca999f2ab58525dd6fdc40838d9cde,Clc1ccc(NC(=O)CCNC(=O)c2ccc3[nH]c4ccccc4c3c2)cc1Cl
f88ab3ead657d4ca93f6a213b21f5238336d2e6e,Clc1ccccc1-n1sc2ccccc2c1=O
3cfa87fdb0dfcda712bdd344ee188940742fdb9a,Brc1cncc(c1)C1C(=O)Nc2ccccc2-c2ncnc3[nH]cc1c23
9658803c9f7c4bd65cff8e9e44d31547285764fe,Brc1cccc(Nc2nc3ccccc3[nH]2)c1
084c7264501810c510c28413074381bcbbdfd85f,Clc1ccc(cc1)-c1cc(NC(=O)CN2CCCC2)c2C(=O)c3ccccc3-c2n1
b6a342b2e489b2451ba6fad1a8529f7417d20213,Clc1ccc(NC(=O)C2CC2)cc1-c1n[nH]c(=S)n1-c1ccc2OCCOc2c1
137ebf237cca4523624dd118a815c25f542d9003,Clc1ccc(cc1)-c1ccc(C=NNC(=O)c2ccc3[nH]c(=O)[nH]c3c2)o1
4781462be05641c08a47f0f1c25c0fd3bd0c9c84,Clc1ccc(cc1Cl)-c1ccc(C=NNC(=O)c2ccccc2)o1
d6cda8ab04ff3151ffd4e7cb5dd8994f119f4027,NC(=O)c1ccc(NC(=O)Cc2ccc(Cl)cc2Cl)cc1
e4e6fde9646784b85aeb16d62667706744dc6b76,Clc1cc(NC(=O)c2ccc(Nc3nc4ccccc4s3)cc2)nc(c1)-c1ccncc1
a190966326092218e14f94d5df5437eed9893007,Cc1ccc(cc1)C1=NN(C(C1)c1ccc(Cl)cc1)C(=O)CCl
ef5014ab9d8c2ec7cceadc214b1fe37647fb24c1,Clc1ccc2[nH]cc(C3C(=O)Nc4c3cc(Cl)ccc4-c3ccccc3)c2c1
88d54943224c6f03dec4aa8a776cea2561613e38,NC(=O)c1cc(NC(=O)CCNC(=O)c2cc3c(Cl)c(Cl)ccc3[nH]2)cc(c1)C(F)(F)F
55cd90da219616b808edf9a1816db2739dff4b31,NC1=NC(=O)C(N1)=C1CCNC(=O)c2[nH]c3ccc(cc3c12)C(=O)NC1CC1
01a1fd483ab033c2464acba4a61892cf5b239e19,Nc1ccc(cc1)-c1nc2ccc(NC(=O)c3ccc(NC(=O)c4ccc(F)cc4)cc3)cc2[nH]1
7cb1e6ab10bb1c9d850eb12f62adb14a66d9deb5,Clc1ccc2[nH]c-3c(CC(=O)N(Cc4ccccc4)c4ccccc-34)c2c1
f7d8ff8308986a4276f4280ebfa1ab3fcbda7228,Clc1ccc2[nH]c-3c(CC(=O)N(Cc4ccc(Cl)cc4)c4ccccc-34)c2c1
49b8486dcd2e86b602dcee4879351a98dd684238,Brc1cncc(c1)C1NC(=O)c2c1c1c3ccccc3[nH]c1c1[nH]c3ccccc3c21
229c2f6e0f42ea9cf02469376b0b514051458550,Clc1ccc2[nH]c-3c(CC(=O)N(Cc4ccc(Cl)cc4Cl)c4ccccc-34)c2c1
b16da2c00edffe43814da65efc1b696c3a49558a,Brc1ccc(cc1)C1=NN(C(C1)c1ccc2ccccc2c1)C(=O)c1ccccc1
7c4b25d65b8e2a208d43cc5606e197a155dd83ae,NC1=NC(=O)C(N1)=C1CCNC(=O)c2[nH]c3ccc(cc3c12)[N+]([O-])=O
51596f374e604cad89e04396e1ca57734543de4b,NC(=O)c1cc(NC(=O)c2ccncc2)cc2c(NCc3ccc(Cl)cc3)ncnc12
c07d1cdd24dd7bb84288e35f9730614f2d8cef00,Brc1cncc(c1)-c1cc(NC(=O)Cc2ccccc2)ncc1Cl
c58ba0ac47088a7bf7d06aa55c9f6c8be7ee7e22,Clc1[nH]c2c(c1Cl)c(=O)[nH]c1nc(C(=O)NCCCN3CCOCC3)c(cc21)C1CC1
63df310a5ba577501cc3d2e027d091189120d2ae,Clc1ccc(NC(=O)c2ccc3c(c2)[nH]c2ccccc32)cc1
29e9421229c2c9fd7f9d231c833322a52b8695d7,Cc1[nH]n(-c2nc3ccc(CN4CCOCC4)cc3[nH]2)c(=O)c1Cc1ccccc1
ad2e6887b130a6323f8560010dc151200d2cfd9f,Cc1cc(NC(=O)CCNC(=O)c2[nH]c(C)c(Cl)c2Cl)ccc1-c1cncc(c1)C(N)=O
fe98731a4d7ab217cc20bed9da484788b4f7c6e5,Cc1ccc(cc1C#Cc1cnc2[nH]c(=O)n(CCc3ccccc3)c(=O)c2c1)C#N
6b20c11bd532acdf0101a509cb90c2d7a26720f1,Clc1ccccc1NC(=O)c1ccccc1C(=O)N1CCN(CC1)c1ccncn1
9ae9330e5b8f4e865841022b42603ee93e8249cc,Cc1ccccc1NC(=O)c1ccc(Nc2nccc(n2)-c2cccnc2)cc1
4de522bb2ba70b62449d619139cad67334e4468b,Clc1ccc2[nH]c-3c(CC(=O)N(Cc4cccnc4)c4ccccc-34)c2c1
2476bc14be29d6d9971134e122c4f6719ca91f9f,NC1=NC(=O)C(N1)=C1CCNC(=O)c2[nH]c3c(ccc4ccccc34)c12
edede259ac18386a0ff9e176e8d063fc731a9367,NC1=NC(C(=O)N1)=C1CCNC(=O)c2[nH]c(Br)cc12
b194beac85487177698cee804c6f2b233adc9b77,Brc1cncc(c1)C1C(=O)Nc2c1cc(cc2)N1CCOCC1
b92e612cfbc215fcf3a52234120975ce420ef5ce,Clc1ccc(CNc2nc(Nc3ccc4[nH]ncc4c3)nc3ccoc23)cc1Cl
d93d4d425e218d35c1bbbd858abe37783cfc250b,Clc1ccc(CNC(=O)c2ccc(o2)-c2ccc(=O)[nH]n2)cc1Cl
52d9c92de5422f9fecf8fb2a391d9f8fe4035406,Clc1ccc2[nH]c-3c(CC(=O)N(Cc4ccc5OCOc5c4)c4ccccc-34)c2c1
f0b04d988e0c6bad483fb4e286ccbe91358ec6a6,Brc1ccccc1NC(=O)C1CCN(CC1)C(=O)c1cc2cc(Br)ccc2[nH]1
d5936c98d2afeb9a130e86218d0dbc3ad282501e,Fc1ccc(Nc2ncnc3cc(OCCCN4CCOCC4)c(NC(=O)C=C)cc23)cc1Cl
951af83b5809bedfa1ba5e476e5a10bb50ae1bfb,Fc1ccc(CN2C(=O)C(Cl)=C(N3CCOCC3)C2=O)cc1
0f7e1d6e64c953ac5a2c855977525f623676c80d,Brc1ccc(NC(=O)Nc2ccc(cc2)-c2cc3ccccc3oc2=O)cc1
3ca460db89889ab9f8f311c60145699ee95636c9,Brc1ccc2[nH]c-3c(CC(=O)N(Cc4ccco4)c4ccccc-34)c2c1
69f7f287e39765999b671d1dbefe7bdf6ae362f3,NC1=NC(=O)C(N1)=C1CCNC(=O)c2[nH]c3ccc(cc3c12)C#N
217eece02f2ae37defe4642010fab014b4a952bb,Fc1cccc(F)c1C(=O)c1sc(Nc2ccccc2)nc1C(F)(F)F
987ad4787e33bf96631a66b32ec1849e4d96fb72,Cc1ccc(cc1)-c1nn2c(nnc2s1)-c1ccco1
56cac33d24fb4f224f0747010bc4e1dae620fb1e,Clc1ccccc1C(=O)Nc1ccc(cc1)-c1cc(NC(=O)c2cccnc2)on1
aabc2bf8a67b2e2e779c755a3420f0614d464f8d,NC1=NC2(C(=O)N1)c1ccccc1C(C1=C2C(=O)NC(=C1)N1CCOCC1)c1ccccc1
e86d6b751c815edb47c2cc07d28bff3b0c4fd303,Brc1cncc(c1)C1NC(=O)c2c1c(Br)c(Br)c(Br)c2Br
a7b4f6b0f7eb9fef1ad614dc9d13f9a633a727b3,NC(=O)c1cccc(c1)-c1ccc2c(NC(=O)C3CC3)n[nH]c2c1
badab591ace418139732ad9bafffeefc415e2e55,O=C1N(Cc2c1[nH]c1ccccc21)c1ccc(cc1)-c1cn[nH]c1
8596790708c20761b58147d0a6edbd4b2582534a,Brc1ccc(s1)-c1cc2ncccc2c(=O)[nH]1
c60343aae35eae49a8042a3d6e6247853ea5ceea,Clc1ccc(CNc2nc(NCC3CCCO3)nc3n(cnc23)C2CCCC2)cc1Cl
73c3543cabb86379b5beaf7df83baa5e5b8a9e7a,Nc1c(sc2[nH]c(=O)c(cc12)C(O)=O)C(=O)N1CCCCC1
072997f71988753cde62fa1299aa2f5e95cc603a,Cc1[nH]c2c(c1-c1ccncc1)c(C)c(C)c(O)c2=O
38b1fcc61d5a1fdc007ab8059195add29c520677,NC(=O)c1cccc(NC(=O)Cc2ccc(Cl)cc2Cl)c1
7140ffa1260aceea358caca416177bf59af59a62,Cc1[nH]c2c(N)ncnc2c1Cc1cccc(NC(=O)c2ccc(Br)o2)c1
8cfb16c830460ca4419bec901e51c477308ef117,Fc1ccc(cc1)-c1ccc(NC(=O)C2CCN(CC2)C(=O)c2ccco2)cc1
88a4a663bade885bb16817fa31199067fc0bc6c9,Fc1ccc(cc1)C1=NC(C(C1)C(=O)NCCCN1CCCC1)c1ccc(Cl)cc1
41560df73d057f82210c68c4c7c2ea514d490cff,Clc1cccc(c1)N1CCN(Cc2ccc3[nH]c(=O)c(=O)[nH]c3c2)CC1
4e47dc7db52f1be299f3e30e698e3d7cc83b85d2,NC(=O)c1cc(NC(=O)Cc2ccccc2)ccc1N1CCOCC1
a557a84f2b0b4539e3c846c62c99c01398852a5e,Clc1ccc(s1)C(=O)Nc1nc2ccc(cc2[nH]1)S(=O)(=O)N1CCCCC1
a41a12dab13d163597e559188538f863c904b2fc,Cc1[nH]c2c(c1C(=O)NC1CCCCC1)C(C)(C)CC2(C)C
522fb28a0d7055a3a5fdb35f264d74a4a0dc33cf,Brc1[nH]c2c(c1Br)C(CCNC2=O)=NNc1ccc(cc1)N(=O)=O
7ba88918139cb4219426ce8f9b46d09589b9bbcd,Fc1ccc(Nc2nc(Cl)nc3[nH]ccc23)cc1
a8778bad17f1529ab6ed3a2c2658edb57e72365d,Fc1cc2[nH]ncc2cc1-c1ccc(cc1)C(=O)N1CCCCC1
b2aa2263f2bbe512930ca600a00c91f0e1631240,Clc1cccc(NC(=O)C2CCN(CC2)c2ncnc3[nH]ccc23)c1
e12e5881be5331b9d3547bd162a5620e04197561,Clc1ccc(NC(=O)Nc2ccc(cc2)-c2ccc(NC(=O)C=C)nc2)cc1Cl
e262bee6d47ff0d05ace615444e50c474d556952,Clc1ccc(cc1)C1=NN(C(C1)c1ccco1)C(=O)CCl
16ad87e94e7b80530db0e70f11bf50c422cb944f,Brc1ccc2NC(=O)Cc3c([nH]c4ccc(Br)cc34)-c2c1
20a8457dae8aa64a7bd5578eba4c2e6aab7fb0c4,Clc1cccc(Nc2ccnc(n2)-c2ccncc2)c1
cc7dceebd4f4861a670a2f1163aa61588910dc53,Clc1ccc(NC(=O)C2CC2)cc1-c1cc2cnccc2s1
d21c3556b050435ba0a52367aa0dba1f2bcd9990,Clc1[nH]c2c(c1Br)C(CCNC2=O)=NNc1ccc(cn1)C(=O)N1CCOCC1
50a53d4dbf85d3da896d8875e434b57a66529249,Clc1ccc(cc1)-n1ccc2ccc(cc12)-c1nc(N2CCOCC2)c2ccsc2n1
ba0c95521001f8beac6030d4d0ff21eb293e9749,Cc1[nH]c2c(c1Br)C(CCNC2=O)=NNc1ccncc1
4427139f810eb719bed4fea969fcd38190941e9b,Clc1cccc(NC(=O)c2ccc(Nc3nc4ccccc4[nH]3)cc2)c1
ca61a47a5536ca8efb238cc5f2e61c1fd47f81c1,Brc1ccc2[nH]c-3c(CC(=O)N(Cc4ccccc4)c4ccccc-34)c2c1
da114c12933fd7c428187b7914ea291191d79a44,Brc1[nH]c2c(c1Br)c(ncn2)N1CCC(CC1)N1CCCC1
8aaae4e6ee349a598f34af25bd629ae3b845e642,Brc1ccc(CNc2nc(nc3n(Cc4ccccc4)cnc23)-c2ccccc2)cc1
8f9c2132c139973cc9e9f90e4faebab981a621d4,Clc1ccccc1Nc1nc2c(cccc2c2cnccc12)-c1nnc[nH]1
f08f6aa3b576368b4ca159ab3885da66cce96e42,NC1=NC(=O)C(N1)=C1CCNC(=O)c2[nH]c3c(ccc(C#N)c3c12)C#N
c80293155c06a51c95d906ed63584ba319e81216,Brc1ccc(s1)C(=O)Nc1cc([nH]n1)-c1ccc(Cl)cc1
b89d1d8fb22b5760e0c87309742ff398a00eeab4,Clc1ccc(NC(=O)Cn2c3ccc(cc3c(=O)n(C3CCCCC3)c2=O)C2CC2)cc1
a4d2d6b9e95bf0b23235d6f8e920b343f3ee69b9,Brc1ccc(NC(=O)C2CCN(CC2)C(=O)c2ccc3[nH]c(=O)sc3c2)cc1
3d36f3155cb4431f213877d982760a472ca5c577,Brc1[nH]c2c(c1Br)C(CCNC2=O)=NNc1ccc(cn1)C(=O)N1CCCC1
709460b645f5e030ed51e66694218aef27acd88d,NC1=NC2=C(C(N1)c1ccc(Br)o1)C(=O)CC(C)(C)C2
da50f6d8c5169f6bcd4d2d7211d764b193b3eb53,Fc1ccc2c(c[nH]c2c1)C1C=Nc2ccccc2N1
9614c6bbb87cfdc7516bd444b98a3ff3192033c0,Clc1ccc(CNc2nc(N[C@@H]3CCNC3)ncc2C(=O)NC2CC2)cc1Cl
48556faf703ed7ba6b93521c9cfc28effdb1f6af,Clc1cccc(c1)-c1ccc(C=NNC(=O)c2cc(Br)c[nH]2)o1
913f6ce12ba8a1f11b9947bc952c84999ca2420d,Brc1ccc(o1)-c1cc2nccc(N3CCN(CC3)C(=O)c3ccccc3)c2s1
85c0a7d3b6ec18b2b1e176f11cb9a64bc0e5d069,Clc1[nH]c2c(c1Br)C(CCNC2=O)=NNc1ccccc1C(=O)NC1CCCC1
3e0f0268e3c9331d50e94d9e951ce8c01a05eec2,Clc1ccccc1-c1ccc(\C=C2\NC(=O)N(C2=O)c2ccccc2)o1
0e9d8b416b9bf1c91058b3ccd667e4ffb197285c,Clc1ccccc1-c1cc(nc(Nc2ccc(cc2)N2CCOCC2)n1)N1CCOCC1
5aa28888782ba876d5f7b619c09e5fb58acda470,O=C1N(CNc2nc(NCc3ccccc3)c3nc[nH]c3n2)C(=O)c2ccccc12
8d82ec543c272fc735eea1d9cc12636bc7011098,Cc1[nH]c2c(c1C(=O)NC1CCCCC1)C(C)(C)CCC2(C)C
4ba9decfd62379c0b6b62ccba381599ea6a50f94,Cc1[nH]c2c(c1-c1ccccc1C)c(C)c1cc(C)ncc1c2=O
ffaa7f0b592313bb4672015d393ab8e1189c6e04,NC1=NC(=O)C(N1)=C1CCNC(=O)c2[nH]c3c(Cl)cccc3c12
8c7fac952e502ca4bc7f0c1448c55d6c236d5353,NC1=NC(C(=O)N1)=C1CCNC(=O)c2[nH]c3ccc(cc3c12)C(=O)N1CCOCC1
be94bc46378cda9086dfdd9173561ca604bbd2ff,Clc1cccc(NC(=O)CCCOc2ccc(cc2)-c2cc(=O)c3ccc(Cl)cc3o2)c1
e13b3c904c7b60ef1dff29f7c6a21c5915ba0b79,Clc1ccc(Nc2nc(NC3CC3)c3[nH]cnc3n2)cc1Cl
60b4821442b6084fb859f25df918de2a23e99dfd,NC(=O)c1cncc(c1)-c1cc(NC(=O)c2ccc(OC(F)(F)F)cc2)ccc1Cl
24ab727927ea3f6bf947637de57d1ec12a4c66b2,Clc1ccc(NC(=O)CCNC(=O)c2cncc(Br)c2)cc1Cl
5573db513ce484d56bf64126380d5083e67d49f4,Cc1[nH]c2c(c1-c1ccccc1)C(C)(C)CCC2(C)C
79b65d48e46c2838985914127fa76c2ac9293d0a,NC1=NC2=C(C=CC2=N1)c1ccc(s1)C(=O)N1CCOCC1
71abf0124efc270804ac508d37247e5a1805597a,Clc1cccc(c1)C1=NN(C(C1)c1ccc2ccccc2c1)C(=O)c1ccccc1
be42a92fc20bfd394711d783156fa60fae8c4cb4,NC1=NC(C(=O)N1)=C1CCNC(=O)c2[nH]c(Br)c(Br)c12
450d0b6f5c6c9b1a636383470dfdfb15c99917d5,Cc1[nH]c2c(c1-c1ccccc1O)C(C)(C)CC2(C)C
b31ad9624a766196e5021f070d8cdf24d0c63ec7,Clc1cccc(NC(=O)CCCOc2cccc(\C=C3/NC(=O)NC3=O)c2)c1
808ad2ac82aee58469cf84c5a303b6d21419e8bb,NC1=NC(C(=O)N1)=C1CCNC(=O)c2[nH]c3c(Br)cccc3c12
a7459789d3438479c944f2e1e7f9bca3e0a9c646,Nc1ncnc2n(cnc12)[C@@H]1O[C@H](CNS(=O)(=O)c2cccc(Cl)c2F)[C@@H](O)[C@H]1O
25a0396b98f538b48474bdb911985ee88f940eb7,Clc1[nH]c2c(c1-c1cccc(NC(=O)C=C)c1)c(cn(C=O)c2=O)C1CC1
d544ac641b046d186a1aabfa7ec65dde513df1c2,Cc1[nH]c2c(c1-c1nc3ccccc3[nH]1)c(C)c1ccccc21
7df09a6175d5f36c5fdc890f4214fde73f947907,Brc1ccc(cc1)-c1ccc2c(NC(=O)C3CC3)n[nH]c2c1
fab3665be84198bf363f19c67fb9d3096ee08f55,Clc1ccc(CNC(=O)c2ccc3[nH]c4c(C(CCNC4=O)=NNc4cccnc4)c3c2)cc1Cl
ab2a023e694b519c6a4fec2ff10000e8682fa538,Cc1[nH]c2c(c1-c1n[nH]cc1N(C3CCCCC3)C1CCCC1)c(C#N)c(N)n(O)c2=O
a2225b8977e5079bacbcb6459e0a70ee8cd9727c,Cc1[nH]c2c(c1-c1ccccc1C)C(C)(C)CCC2(C)C
f7f09fe235167c10ad8fe324c7bbfb6bdec00a4a,Clc1cccc(NC(=O)Nc2ccc(cc2)-c2csc3ccnc(N4CCOCC4)c23)c1
e5441d7df006a0d6fd3a98e54a27dc645980f3c9,Clc1cccc(NC(=O)C2CC2)c1N1C(=O)C=CC1=O
7a100fc408915d30d47dd7471e9bc2bfc121a135,Fc1ccccc1NC(=O)c1ccc2[nH]nc(-c3nc4ccccc4[nH]3)c2c1
83ae61fbfc50cb5e87c0ba5a2f4a7c207280caab,Fc1cc(ccc1-c1cc(Nc2ccncn2)c2ccncc2c1)C(=O)N1CCOCC1
dfb5054ec44472f26020d6c502be91b2a67722f8,Clc1ccccc1-c1ccc(\C=N\NC(=O)c2cccnc2)o1
c69b3a3bb4f08b06e923663960d2dd465bd53bdd,Brc1[nH]c2c(c1Cl)C(CCNC2=O)=NNc1ccc(cc1)C(=O)NCCCN1CCOCC1
0a646eabc4ab5d8a3ab5797e95c177b26062b894,Clc1cccc(NC(=O)Cc2nc(N3CCOCC3)c3cc(OC4CCOCC4)ccc3n2)c1
8a691bf3cace064458b78949fd10933e608094c5,Clc1ccc(NC(=O)C2CCN(CC2)C(=O)c2ccc(cc2)-n2ccnc2)cc1
bae4ce3b15a8ed533a54d86de64ba2c47639987b,Clc1ccc(NC(=O)Cn2c3ccccc3c(=O)n(CCc3ccccc3)c2=O)cc1
6b1819b4146703c204e488ab4e6c4d1e26b47446,Cc1[nH]c2c(C3C(=O)NC(=O)C3=NNc3ccccc3)c(C)cc(O)c2c1C(=O)NC(C)(C)C
0589a340bc9e38a7dbff8c24ab085a8bd90c801c,Brc1ccc(s1)C1=CC(=O)C(=O)N(Nc2ccc3[nH]ncc3c2)C1=O
4af2ecc1c3915ed6c9f8cffdb692b327be489e03,Clc1ccc(NC(=O)c2ccc3c(c2)[nH]c2c(Cl)nccc32)cc1Cl
0b0e1a18563ad0ef761e232f705a58ba1ef6317e,Clc1cccc(NC(=O)Nc2ccc(cc2)-c2ccnc3[nH]nc(c23)C2CCCCC2)c1
d4ab28b0361b9162c3ae67d5840b525a0adb9f3b,NC(=O)c1cc(NC(=O)C2CCCCC2)cc(c1)-c1ccnc2[nH]ccc12
5d052a77013509eb545373948605dfa90711b008,Cc1ccccc1Nc1nccc(n1)-c1cccnc1
6e5b74a36382be898417146f114c6603690ca685,O=C1N(Cc2cc(cc(c2)C#N)-c2ccccc2)C(=O)c2c1cccc2
a86e9a4f4777a6f9fa9f0214f68a322d617247f7,Clc1ccc(Nc2nc3[nH]c(CCCCc4ccccc4)cc3c(=O)[nH]2)cc1
d05e9aa75bd986af9cefead7d9ee4f82b99e7733,Clc1ccc(Nc2nc(NCC3CC3)c3[nH]cnc3n2)cc1Cl
9e5257dafd33f3086b258a26fa900407c02612fc,NC(=O)c1cncc(c1)-c1ccc(s1)C(=O)Nc1nc2ccccc2n1C1CCCCC1
5b5dfa7be0635e9615745e0d2915bdf160495874,Clc1ccccc1Nc1nc2c(cccc2c2cnccc12)C(=O)NCC1CCNCC1
8b4a322c9604b82e1adde98f5c410f5defdc3cc9,Fc1cccc(NC(=O)Nc2ccc(cc2)-c2csc3ncnc(N4CCOCC4)c23)c1
095fc68b6ee2998ba2f2cff943b8f430bcb4f501,NC(=O)c1cc(NC(=O)Cc2ccccc2Cl)ccc1NC(=O)Cc1ccccc1Cl
8ed37f52d5d064abe122f0c9a944541785766ee6,Clc1ccccc1NC(=O)c1cccc(NC(=O)c2cccc(c2)-n2cnnn2)c1
4f7bcbd14f25699df930f19934735936066fd0af,Brc1[nH]c2c(c1Br)C(CCNC2=O)=NNc1ccc(cn1)C(=O)N1CCN(CC1)c1ccccn1
507bbae16ac352ce1d16410589560db48c5b0ba2,Clc1ccc(NC(=O)C2CC2)cc1-c1ccc2c(\C=C\c3ccccn3)n[nH]c2c1
5eb529e4f905cac21e6a92d656c2fe16e66387de,Fc1ccc(Nc2nc3ccccc3n3nnnc23)cc1
3ebb48f56c9a0883f70a493b71d9195e2815f7c0,O=C1NCCc2[nH]c(cc12)-c1ccncc1
ae1c7b3cf512c75566f882f31eb41ac5f8fbab81,Clc1ccccc1-c1cc([nH]n1)C1CCN(CC1)C1CCCC1
5e21eee58119a01a423c54d0afde5c17d463d251,Clc1ccc(NC(=O)c2ccc(s2)N2C(=O)C=CC2=O)cc1Cl
d4b924d5f5e4eb3c2fedbc5e26be7735dded2184,Brc1[nH]c2c(c1Br)C(CCNC2=O)=NNc1ccccc1
cc8fc9ab4ae763dbb2a19b1a469e708cd8da1ce3,NC(=O)c1cc(cc(c1)-n1c(O)ccc1O)-c1ccc(NC(=O)C=C)cc1
2fca8652fe661c867d800e22723fa8b0a901f350,Fc1ccccc1-c1cc2c(NC(=O)C3CC3)c(Cl)cnc2[nH]1
04092328853c9678b519a8afc342dfd4f28d0d54,NC1=NC(C(=O)N1)=C1CCNC(=O)c2[nH]c3ccc(cc3c12)C(N)=O
84ee608863df223fa6d65520f930788b62e66cbb,Clc1[nH]c2c(c1Cl)C(CCNC2=O)=NNc1ccccc1Cl
53eb63b94b6906184e9e1f45994f953c6514a1ab,Fc1ccc(cc1)C1=NN(C(C1)c1ccc2ccccc2c1)C(=O)CCC(=O)NN1CCCCC1
373431ee61deb7a96cb233d24755521df3d45441,Brc1ccc(Nc2nc3ccccc3[nH]2)cc1
0452d2ea43bc6ec922684b183d80c8b2070652b9,Nc1nc(NC2CC2)cc(n1)-c1ccc(NC(=O)C=C)cc1
36422dd62e570e84804ec096c840771c3ab34c1d,Clc1ccc(CNc2nc(NCC3CC3)nc3n(CC4CCCO4)cnc23)cc1Cl
a2041263aef59152b8c86a2b04452fea9824108b,Clc1ccc(NC(=O)c2cncc(Br)c2)cc1
a0de284c5ee3434f77162b6896f21aa1013608e5,Clc1cccc(NC(=O)c2ccc3c(c2)[nH]c2c(C=O)c(ccc32)-c2ccco2)c1
72993f5e9d672736edbe4890565c4995de696ea3,Clc1cccc(NC(=O)C2=C(C(=O)NC2=O)c2ccc(Br)cc2)c1
052b57ed294c95ae99d182d1dd26e82a1ebe667f,Brc1ccc(s1)C1=NN(C(C1)c1ccc2ccccc2c1)C(=O)CCl
7bcaeaf223e1104f7822f7f4f356e2f81f67d3d9,Clc1[nH]c2c(c1Br)C(CCNC2=O)=NNc1ccccc1NC(=O)c1cccc(Cl)c1
738c0296518424ecc8c4fb678d8b1ce5c1f3a4dc,Clc1cccc(NC(=O)Nc2cc(n[nH]2)-c2ccncc2)c1
9cc664a1014f2bf2426a25361825f365ce62559e,Clc1ccccc1NC(=O)c1ccccc1C(=O)Nc1cccc(c1)-c1cn2cccnc2n1
b06d2adc92428f8c73edd06a42176f76e2348d2c,Fc1cc(CN2CCCC2)ccc1-n1c(Cc2ccccc2)nc2ccccc12
203c2beb9f6f40ddd8c5bb4a6254ac79d25690a4,NC(=O)c1ccc(cc1)-c1nc(NC2CC2)ncc1Cl
bf8d4e50ccd899606c86f8f2ad09cd2b52b0ab1a,Cc1[nH]c2c(c1-c1nc3ccccc3[nH]1)c(C#N)c1ccccc21
4b39540e9068768c914f00980844fbf573858dee,Clc1cc(NC(=O)Cn2sc3ncccc3c2=O)ccc1NC(=O)Cc1ccccc1
282214fb26b2ade2d3be953d8d8759673b569584,O=C1NC(=O)C(=C1c1c[nH]c2ccccc12)c1[nH]c2ccccc2c1N=O
201443ab552418f52f957f3fe26c34fb53fb7884,Fc1cccc(c1)-c1ccc2c(NC(=O)C3CC3)n[nH]c2c1
fce33d10f88a7c7c84ab4189b269b137f79f76db,Clc1ccc(CNc2nc(NCc3ccc(cc3)C#N)c3ncn(C4CCCC4)c3n2)cc1
d7da2bf3476bc767bdef266fce20e4e5b8d28ad5,Clc1ccc2c(c1)nc1\C(CCn1c2=O)=C\c1ccc(CN2CCCCC2)cc1
d817e5876ae43821228cbd426febe683529f2ff1,Clc1[nH]c2c(c1Br)C(CCNC2=O)=NNc1ccccc1C#N
3816e04127efb7261261a5d3654eda8379f68fcc,Fc1ccc(Nc2nc(NCC3CCCO3)c3[nH]cnc3n2)cc1Cl
64af60b30e8316234eccd5a9b0c1bd9b74a60953,Clc1cccc(NC(=O)COc2ccc(cc2)-c2nc3ccc(cc3[nH]2)C#N)c1
371728d52e18d391107e91d36c372114eccb11a2,Clc1ccc(NC(=O)CCNC(=O)c2ccc3[nH]c4c(Cl)cccc4c3c2)cc1Cl
22c111516c565a71ac111315fef585988e0daaeb,Brc1ccc(s1)C(=O)Nc1nc2ccc(cc2s1)-c1cccnc1
53dfec382ed02cbbf3e853d6b6707d7b7f8c247a,Fc1ccc(cc1)-c1cc2c(NC(=O)C3CC3)ncnc2s1
a084d43034e9ce1526c372c651be9dd335826ef5,Brc1ccc2[nH]c-3c(CC(=O)N(Cc4ccc(Br)cc4)c4ccccc-34)c2c1
1db12d7b20d73ca59d4a97c47cca16d972408563,Cc1[nH]c2c(c1-c1ccncc1)C(C)(C)C(=O)C2(C)C
38c0846e1d63c21a71810e572bce3f0c855c9d78,Brc1ccc(o1)C(=O)Nc1nc2ccc(cc2[nH]1)N1CCOCC1
460527e408a9a2d228e80f57344a15e4a26da551,Clc1ccccc1C1Nc2ccc(cc2C(=O)N1Cc1cccnc1)-c1ccccc1
88a20ab23082f25e302134607dccef240e6a1be7,Clc1[nH]c2c(c1Br)C(CCNC2=O)=NNc1ccc(cc1)C(N1CCCC1)c1ccccc1
df4567a350898ed83489fdd51106a88f6e9ee7fa,NC1=NC(C2=NCCCN12)c1ccccc1
0ec355b4de52c86da5715be1d804e67242f8d23f,Brc1[nH]c2c(c1Br)C(CCNC2=O)=NNc1ccc(cn1)-c1ccccc1
e1a4c55a02da9d140747cdfd54282ae0929e27f7,Nc1nc(cc(n1)-c1ccccc1Cl)N1CC2CC1CN2C(=O)CC#N
906bd1c066bcdb6ff7f66cb6d8523f1d732b3ac8,Clc1ccc(NC(=O)Nc2cccc(c2)-c2cc3ccccc3oc2=O)cc1
d1d61affaf612c5c3d7de301df4af7007d8fae79,Clc1[nH]c2c(cc3ccccc3c2c1N=O)C(F)(F)F
bc80a9e3463676a5dd0a16e4dd2fa2e2b80763a2,Brc1cncc(c1)C1NC(=O)c2ccccc2N1
95bf2be19836b075c61f0e9a5545f9523ea1e9cf,NC(=O)c1ccc(NC(=O)c2ccc(s2)-c2ccc(O)c(O)c2)cc1
494835baf8f45c1af30647e31d139412ad233e64,Cc1[nH]c2c(c1-c1ccc(C=C)o1)C(C)(C)CC2(C)C
c14ae559436fc40879f91280d9c1f5301a43a6a9,Clc1ccc(cc1)-c1cc(N[C@@H]2CCNC2)c2ccncc2c1
07eb68b734b8f7207e174ab6ed2a9b8e81f9a9cd,NC1=NC2(CCCC2)N(C(N)=N1)c1ccc(cc1)C(=O)N1CCOCC1
17bc79d7b583f1b077cad0c6e753a82080211671,Cc1cc2c(cc1Br)N(C3=NC(=O)NC(=O)C3=N2)C[C@@H]([C@@H]([C@@H](COP(=O)(O)O)O)O)O
7f57b5ac458c761b813888c5eeb3245a99d748aa,NC1=NC(C2=NCCCN12)(c1ccccc1)c1ccccc1
7a73eb387cd7b05cad47396e465f1cce7dc4e1ae,O=C1CCCC2=C1C1=C(C(=O)NC1=N2)c1cccc2ccccc12
a3b0902f56f99de916f1a26d2d058e2c0aaf424e,Clc1cccc(c1)N1CCN(CC1)c1ncnc2sc(cc12)-c1ccccc1
508e8b62c99413f3445979b06f5e787a1174efce,Clc1ccccc1NC(=O)c1ccc2[nH]nc(-c3nc4ccc(cc4[nH]3)N3CCOCC3)c2c1
c78b04664bcfd643b541511fab5432072dc0ebfb,NC(=O)c1cc(NC(=O)CCNC(=O)c2cc3ccccc3o2)cc(c1)C(O)=O
4a75836b939815f9c74cdeb206b29898d1cd447e,Clc1ccccc1C(=O)c1ccc(NC(=O)C2=C(CCC2)C(F)(F)F)cc1
3e961d97704f7e46ad990d241a6a53995549e4d2,Brc1ccc(o1)-c1ccc2c(c1)[nH]c1c(C=O)c(ccc21)C#N
9bcc2b6a5c82d82a4a1e39c4e5e5b0d038becda1,NC1=NC(=O)C(N1)=C1CCNC(=O)c2[nH]c3c(ccc(C(O)=O)c3c12)C(F)(F)F
f0edea679d26f428a82e8161e513234d14c4a3ee,Clc1ccc(cc1)C(=O)Nc1ccc(Nc2nccc(n2)-c2cccnc2)cc1
415b5d29b4f2faf0615e64ee1b17fd221ea08dab,Clc1ccc(cc1)-c1nn(cc1NC(=O)Nc1ccccc1)-c1ccccc1
0fa249e1a256a2a5db18f8de4423bfabdf7ddeb8,Brc1ccc(s1)C(=O)Nc1cccc(c1)-c1nc2ccc(CN3CCCCC3)cc2[nH]1
7f1d28b69e31113d7e520dd7ce28183b32c28b3e,Brc1[nH]c2c(c1Br)C(CCNC2=O)=NNc1ccncc1
cc1c13d77679dae0693c8b8b8adb716759607c03,Brc1ccc2c(c1)c(=O)n1c(nc2N2CCCC2)c(C#N)c2ccccc12
135cc2365319afda4ba83ec77ae913f5e2c9b7cb,Fc1ccc(cc1F)-c1cc(NC(=O)C=C)ccc1NC(=O)c1cncs1
7874be53d8dffa2379870d912ca6e808312ec53f,Clc1ccc(cc1)-c1nc2sccn2c1-c1ccnc(NC2CCCCC2)n1
26361e6385c71ed2e9b79139c5eedfdd2f58aa9e,Clc1ccc2[nH]cc(CCNC(=O)c3cc4c(nn(C5CCCCC5)c4s3)C#N)c2c1
21a7c1aba126886165c4a3ce0da6641aba5f3525,Fc1ccc(cc1)-c1nc2ccc(NCc3ccc(Cl)c(Cl)c3)cc2[nH]1
d6e4c03ef42ae4ea20ec18ac5f856c5e2e684fff,Nc1nc(cc(n1)-c1ccccc1F)N1C2CCC1CN(C2)C(=O)C=C
215cc6e82199ff7be9db1906f5ca3298174226b7,NC1=NC(C2=C(CCC2=O)N1)c1cccc(c1)C(F)(F)F
3af1edb222ffa613c5fe065a22dc8f3aa731e13b,Clc1ccccc1N1CCN(CC1)C(=O)c1ccc(Nc2nccc(n2)-c2cccnc2)cc1
b5c154cfb74d705cd8f4aa8766790a6eb1a87d68,Brc1cccc(c1)C1NC(=O)c2ccc(cc2C1=O)N1CCC(CC1)N1CCCC1
8e58dd06ffb69dce182f0c513f1331fbf087a745,Brc1cncc(c1)-c1ccc2NC(=O)Cc3c([nH]c4ccc(Br)cc34)-c2c1
e8caf7b80d2f7724831c82fefe5dfd845ea37ac4,Brc1ccc(CN2CCCCC2)cc1-c1cc2c(CCNC2=O)[nH]1
0e98f89ea8e082f56eb0cbe6a4697f2ded6ae9e1,Clc1ccccc1N1CCN(Cc2ccc3[nH]c(=O)[nH]c3c2)CC1
45580c585247a8854b7cf404ba4fb072f7d5068f,Brc1ccc(NC(=O)C2CC2)cc1-c1n[nH]c(=S)n1-c1ccc2ccccc2c1
b1677b5a5cbb1a722f7d0e305211b62a14e6c584,Brc1[nH]c2c(c1C(=O)Nc1ccccc1)C(CCNC2=O)=NNc1ccccc1
6312352908a0ded009c41b8cb8d3e434d8f869e0,O=C1N(CNc2nc(Nc3ccc4[nH]ncc4c3)ncc2C#N)C(=O)c2ccccc12
5b3e81c00f5fc6f7bb6ca86b6f2ab27a41be8022,O=C1N(C(=O)c2c1c(ccc2-c1ccc(s1)C1CC1)C#N)c1ccc(cc1)C#N
f669321344d2eeb04088f7467efa9bdb8be3c0f5,Clc1cc(NC(=O)CN2CCCCC2)ccc1-c1nc2ccc(cc2[nH]1)-c1ccncc1
ae1f069e51497ed9ad567a9a109625b7055fac94,Cc1ccc(cc1NC(=O)c1ccc2c3NCCCc3c(=O)[nH]c2c1)S(N)(=O)=O
7d401605b575ee8fbfab6e52250629311d514159,Brc1ccc(Nc2nc(NC3CC3)c3[nH]cnc3n2)cc1
74fa9ea6af9984325379d91b90928690141ab6f1,Clc1cccc(NC(=O)c2cccc(c2)-n2cc(nn2)-c2ccc(CN3CCCC3)cc2)c1
4bd42dbe4068f8c1068537403d12a40f8008bc53,O=C1N(C(=O)c2ccccc12)c1ccccc1
9d84ec8958a2100c2ef4c5dc3ac13006f668bbc7,NC(=O)c1cccc(NC(=O)CCCOc2cc(Cl)cc(Cl)c2)c1
937ab03fde36c9a6d6e12962c15f9aef29251b7f,Brc1[nH]c2c(c1C(=O)NC1CCCCC1)C(=O)c1ccccc1C2=O
da14b1c7fba5dc7ce206088e5618c6bf4188fb9b,Brc1[nH]c2c(c1Br)C(=O)NC(=N2)N1CCCCC1
76ece45d103b3ffc8aa3a3e44c2500256387f08b,Clc1cccc(NC(=O)Cc2nc3ccccc3c(=O)[nH]2)c1
836225592fab13af7df27cbccf936476c5b50aea,O=C1NC(=O)\C(N1)=C\c1cn(CCc2ccccc2)c2ccccc12
5771f30aaf5e18dd044063f811b3e8fd37df66b7,NC1=NC(C(=O)N1)=C1CCNC(=O)c2[nH]c3c(Cl)cccc3c12
de076e19481903fa736641264cf5d9a1d195ab63,Clc1cccc(NC(=O)C2CC2)c1-c1ccc(NC(=O)C=C)cc1
6241784e2e9a3ed2e143ef54aa56c26d29abe848,Cc1cc(ccc1NC(=O)C1CC1)N1C(=O)NC2(CCCCC2)C1=O
73b7fd7cc6e591ab1b38482be8d8584c6629f9e3,Fc1ccc(cc1)C1CC(=NN1C(=O)c1ccc(Cl)cc1)c1ccccc1F
716cde3956e1f38aa31fd81402507fee707014d0,Clc1ccc2c(c1)[nH]c1c(nccc21)-c1ccc(NC(=O)C2CCNCC2)cc1
2462fd69b8725d6e4af00ec633e0754c266e1630,Brc1ccc2NC(=O)C(c2c1)=C1C(=O)Nc2ccccc12
0db7fb3d0273027f7eab3d8b5f7a0ab054502e2c,Brc1cncc(NC(=O)CCCOc2ccccc2)c1
6d3848a22772bec822178700def374f6e8083926,Clc1ccc(Nc2nc(N[C@H]3CC[C@@H](CC3)N3CCOCC3)nc3[nH]cnc23)cc1Cl
be3b92f9c3e41428732e1ccf5c7668d5b09c8292,Brc1cncc(c1)C(=O)Nc1cccc(c1)-c1nn2c(nnc2s1)-c1ccccn1
4c0f7e9b6a9c62891e645fcfbef760693ff1c7f8,Clc1ccc(cc1)-n1cc(nn1)-c1ccc(NC(=O)C=C)cc1
efe6ba169737b846241991aa969ac91e652377e4,Brc1ccc2c(c1)nc(Nc1ccccc1)c1ccncc21
3e9db90cd93352d87450a604ee4f6090eab9f2ae,Fc1ccccc1NC(=O)c1cncc(c1)C(F)(F)F
075f964f56177840c5521adc2588801acf2d1588,Cc1ccc(NC(=O)c2ccc3c(CC(=O)N4CCC(O)CC4)n(C)nc3c2)cc1
036ab0c2ea43903478077b9b5d8c5d82dd3d4474,Brc1[nH]c2c(c1Br)C(CCNC2=O)=NNc1cccnc1
58fbdddcc9b2580c54055d9cdb01820453038717,Clc1ccccc1NC(=O)c1ccc2[nH]c(nc2c1)-c1ccncc1
811760baf07fafa1e11782f224b30698b6aaecce,Brc1cccc(NC(=O)c2cccc(NC(=O)C=C)c2)c1
4e64554eff6fdca1ca6467cbd44db27b2f8858c8,Clc1ccc(Nc2nc(N[C@H]3CC[C@H](CC3)N3CCCC3)nc3ccsc23)cc1
cf3bcbf0f841b39faf5629188b03b472c9cce24a,Brc1ccc(Nc2nc3c(ncnc3s2)N2CCCCC2)cc1
e2b53f6372cb9d3afc4ac1bbffe6696592a38257,Clc1ccc(cc1)-c1nn(cc1C=O)-c1nc2ccccc2s1
f90988c9689e716d62813a77808b9b2f4f7ad675,NC1=NC(C2=C(C(=O)NC2=N1)c1cc(Br)ccc1OCC(O)=O)c1ccccc1Br
45d0404d5f0d88dea7ddf4b2351c12abb826ae41,Cc1[nH]c2c(C3C=C(N)C(=O)C(O)=C3C(O)=O)c(O)cc(O)c2c(=O)c1C=CC(O)=O
1c9c074eab6771603dacd54e2059083faebd6ccd,Clc1cc(NC(=O)c2cncc(c2)-c2cccs2)ccc1C(=O)N1CCNCC1
9bdd30579b3f3c3f8a319a881180fa404a70c937,Clc1cc(NC(=O)Nc2cccnc2)ccc1NC(=O)c1ccc(cc1)-c1cccnc1
94ad89e660236a1f8d6ddb14bf329a38d30f9c3a,NC1=NC(=O)C(N1)=C1CCNC(=O)c2[nH]c3c(cccc3c12)-c1ccc(o1)-c1ccc(cc1)C#N
3593cc542e2f3f1e0e3341ac28199490c7ec453d,Clc1ccc(NC(=O)CNC(=O)c2ccc3[nH]c(=O)sc3c2)cc1Cl
5b5da5e71bd1432785bf40a1e84aa82488d1f4b9,Fc1cccc(NC(=O)C2CCN(CC2)c2ncnc3[nH]ccc23)c1
af5e98c7b61a59aed3684e116ebda6aa5e1dae11,Brc1ccc2NC(=O)C(=NNc3ccc(cc3)C(=O)NN3CCOCC3)c2c1
f11a339669bafb73e8990e46640014c5e92d108c,Clc1cccc(c1)-c1nc2ccc(cc2c(=O)[nH]1)N1CCOCC1
41475a79b9302062cb9f74027a5b98d7f93237cb,Clc1cccc(NC(=O)Cn2cc(cn2)-c2ccc3NC(=O)COc3c2)c1
26007cb71a8af5aaf9d20fc1800d458aa1951640,Brc1ccc(cc1)C(=O)Nc1cccc(c1)-c1nc2ccc(CN3CCOCC3)cc2[nH]1
816daf45916b2fce26b022657022b13365f211a0,Clc1cccc(Cl)c1NC(=O)c1cncc(c1)-c1ccc(Br)cc1
e08eca151657f1a856edd39dce3a642ec398accd,O=C1NC(=O)C(=C1c1c[nH]c2ccccc12)c1c[nH]c2ccccc12
31c74d3eff1405086c9f96f56960e04adaa6b19b,NC(=O)c1cc(NC(=O)CCNC(=O)c2cc(O)c3ccccc3c2O)cc(c1)C(O)=O
1c9e20473b4b15798bb7b329170af1955d1739ea,Cc1[nH]c2c(c1-c1ccccc1)c(C)nc1ccccc21
5e3e35446bc784a8b22c5e2f489f0ffc61bae4ca,Fc1ccc(cc1F)N1CCN(CC1)C(=O)c1ccc(Nc2nc3ccc(cc3[nH]2)C#N)cc1
916edde0b455af8b62a2ca39e8b3fdc39a856e1f,Clc1cccc(NC(=O)CCCOc2cccc3[nH]c(=O)[nH]c23)c1
41bad19804671eea00a601eb02a9b676f2cfaf91,Cc1[nH]c2c(c1-c1ccnc(NC3CCCCC3)n1)C(C)(C)NC2(C)C
714cc9517bdacb7188d4dcbbef3385e45173875d,Clc1ccc(CNC(=O)c2cc([nH]n2)-c2ccco2)cc1
e67f3995f170d0fc6698a37902bc95cdeb87b814,Brc1ccc(Nc2nc3ccccc3n3nnnc23)cc1
114146d2699ce938f8cd3b906b030ae2b5cfca9e,Fc1ccc(CC(=O)N\N=C\c2cc(Br)ccc2OCc2ccc(Br)cc2)cc1
16810d487a2d02b0ae190493e02939806fef778d,Clc1[nH]c2c(c1-c1ccncc1)C(CCNC2=O)=NNc1ccc(cc1)-c1ccccn1
49f74fed201580fe284828fc4cf2e9db11c830b3,Fc1cccc(Nc2nc3cc(ccc3c(=O)[nH]2)C(=O)NCCCN2CCOCC2)c1
d0d2e1ba2b84e50819c194ca0a99677e5f2366c4,Clc1cccc(Cl)c1NC(=O)Nc1ccc(cc1)-c1cccc2[nH]nc(N3CCOCC3)c12
f06cf807293be39b754eb35712b985b5daeb3f35,Cc1ccc2c3CCN(Cc3c(=O)[nH]c2c1)C(=O)c1ccc(NC2=C(Cl)C(=O)NC2=O)cc1
1f06ade6b317a62546d8214b555b20c13e1f3f67,Clc1cccc(NC(=O)Nc2ccc(cc2)-c2cccc3[nH]nc(N4CCOCC4)c23)c1
ca7333db9c0771c99b29505bcbbad06eee4df619,Brc1ccc(s1)-c1nn2c(NCc3ccco3)cc(NCCCN3CCOCC3)nc2c1C#N
e3cb35af719f1fa0289e545ef1524a688c7162d2,Clc1cccc(NC(=O)Nc2ccc(cc2)-c2ccnc3[nH]nc(c23)C(F)(F)F)c1
bcd219cc573ce8fcb1d6d66eece522ba114bf7c1,NC1=NC(C(N1)=C1CCNC(=O)c2[nH]c3ccc(F)cc3c12)c1ccc(Cl)cc1
dae167fd65f8fcbe7d74ea04c383ecffdd02eae7,Clc1ccc(NC(=O)Cn2c3ccc(cc3c3cc(Cl)ccc23)-c2cn[nH]c2)cc1
1f093f6ac911c3193b315154d60808d933305a0a,Fc1ccc(cc1)-c1cc2ccncc2c2[nH]c3ccccc3c12
01feecfdc6275c913070b488f03687dcd4cb9cef,Clc1ccccc1NC(=O)C1CCN(CC1)c1ncnc2n(ncc12)-c1ccccc1
2cfdb685dcb7d4f22b9283cb9e50b5aa0e160c01,Cc1[nH]c2c(c1-c1ccc3[nH]ncc3c1)c(cn(C)c2=O)C(F)(F)F
4c4778f4bea912228cd0fbd270d48d056e77d29b,Fc1cc(NC(=O)Cc2ccc(cc2)-c2ccccc2)ccc1NC(=O)Cc1ccccc1
a2b82dc28529456c2baa9801b7274b964bf9f829,NC(=O)c1cc(sc1NC(=O)C1CC1)-c1ccc(cc1)-c1ccccc1
45b5365c957a81b7ff4a12fc6f60e1a6072b5a61,NC(=O)c1cccc(NC(=O)CCCOc2ccc(Cl)c(Cl)c2)c1
f48affdeb24a6d23d62ce7d4178f07a0dd5d2b4a,Clc1ccc(cc1Cl)N1NC(=O)C(N2CCN(CC2)C(=O)c2ccco2)C1=O
17b44415077d85e53e0d3a2b8d75fbfb27de60c8,NC(=O)c1cc(O)c2c(c1)oc(cc2=O)-c1ccc(O)c(O)c1
24178c007c5c848e414696b5c2f8bcb15fa82426,Brc1[nH]c2c(c1C(=O)OCc1ccccc1)c(=O)[nH]c1ccccc21
c28e53dae12adff6b8eea3cb753215b2653801e1,Fc1cccc(F)c1C(=O)N1CCc2c([nH]c3ccccc23)C1c1cccc(Cl)c1
9d8789256f6d42087fc568d33ed380e6e49277c3,NC(=O)c1ccc(NC(=O)Cc2ccc(O)c(O)c2)cc1
4e71684178a8fe2b41842bccbe715b9e789e723b,Brc1ccccc1C(=O)Oc1cc2C(=O)N(Cc3ccccc3)C(=O)c2c(Br)c1
89f673bff1f2d768ea90586a9137c27b091d02c1,Brc1[nH]c2c(c1Cl)c(ncn2)N1CCC(CC1)NC(=O)Cc1ccccc1
2265427b554b4f3fe57be0e8db5460181e810240,Clc1cccc(c1)-c1cc([nH]c(=O)c1C#N)-c1cccs1
2898d1c12dfa4d42bfedece4049f825a7e619fce,Clc1ccccc1C(=O)Nc1ccc(cc1)-c1nc2sccn2c1-c1ccc2scnc2c1
e6db3196c392ad87f4981aa677efaceb167860c7,O=c1[nH]c2c(n1)c(Nc1ccccc1)c1ccccc1c1ccccc21
8689347ed082bc3dcedef9cc30236b36a767b51e,Fc1ccc(CN2C(=O)C(Cl)C(=O)c3cc(I)ccc23)cc1
da711daea8437d30f586bc463baf1178005af49f,Clc1ccc(NC(=O)C2=C(CC3(CC3)NC2)C#N)cc1
0401cd119237dd48ac5acdf47e0e6068685f2e96,Clc1cc(NC(=O)Cc2ccc(Cl)cc2)ccc1NC(=O)c1cccc2[nH]ncc12
27331830f8e51e29d3a2cb6943ba3f720257b239,Brc1[nH]c2c(c1Br)C(CCNC2=O)=NNc1ccccc1C#N
2cea59f2ff3fe6a10712739f8eb68fe7479077da,Fc1ccc(cc1Cl)C1=NC(C(C1)c1ccc2ccccc2c1)C(=O)Nc1nccs1
3d5774c57c64ded342c66c972f8a97772735ece6,Clc1ccccc1NC(=O)c1cc(on1)-c1ccc(NC(=O)C=C)cc1
dc2a48f8508ce28da01b81f72b5db5d2b7605513,Clc1ccc2[nH]c3c(C(CCNC3=O)=NNc3ccc(cc3)[N+]([O-])=O)c2c1
09544d3386e0873dfe61bb94ecf7c55de831b882,Nc1nc(N)c2nc(c(C#N)c(N)c2n1)-c1ccc(F)cc1
eeed5790ee3d79a80ddaebffb2bf01a05b29f4a2,Brc1ccc(NC(=O)Cc2ccc(CN3CCCC3)cc2)cc1
48e755ef7ef55f626754f31b43235d3b01e83496,Clc1cccc(NC(=O)Nc2ccc(cc2)-c2csc3c(cnc(n23)-c2cccnc2)C#N)c1
80882aacdab51d14f94f6d94dabfbd8a1975105d,Fc1ccc(CN2CCN(CC2)C(=O)c2ccc(o2)-c2ccc(=O)[nH]c2)cc1
b45eb16296593ae250d1426d41cd67437056293f,O=C1NC(=O)c2ccc(cc2C1=CNc1ccc(CN2CCCCC2)cc1)-c1ccccc1
76133af959f183e1b37c4c5b191c5ecd5f38b023,Clc1ccc(s1)C1=CC(=O)N(Nc2nc(cs2)-c2ccccc2)C1=O
2fbed5340138e9dfc950fbdb98e2acb60c795447,Nc1ccc(cn1)-c1ccc2ncc3ccc(=O)n(-c4ccc5ccccc5c4)c3c2c1
c7da5148fcf7e2e791de1e39ceade539ef0deece,Cc1[nH]c2c(c1-c1ccncc1C#N)C(C)(C)CC2(C)C
020b0594d70475e883891a036e84308978db1fa7,Clc1ccc(NC(=O)Cc2ccc(cc2)-c2ccc3C(=O)NCCc3c2)cc1Cl
43c5ceca2dd3ec5f7d16bf90f2a3770d4bb9df79,Clc1ccc(NC(=O)Cn2c3cc(ccc3oc2=O)-c2ccsc2)cc1Cl
baa2a9b26c25a63ef1a85f1d03682c485bd62c27,Brc1ccc(NC(=O)Nc2ccc(CN3CCCC3)cc2)cc1Cl
5a0dbd7be3437a1d4d3e5c53eb60218825a663c8,Nc1nc(NCC2CCN(CC2)C(=O)c2ccc(cc2)-n2ccnc2)cc(n1)C#N
55f862f448510ab36e9006062ceadd62d59dfd50,Fc1ccc(CN2CCc3cc(ccc3C2)C2=C(C(=O)NC2=O)n2ccc3ccccc23)cc1
445d6ecf518e79acf58bf3168ec3436a5d747f7a,Nc1cc(c(cn1)-c1nc2ccccc2[nH]1)-n1cncn1
3f7408bc3c16cd8320f357da0ae76e4b9d16787c,Brc1ccc(cc1)N1CCN(CC1)C(=O)c1ccc(o1)[N+]([O-])=O
b98f7096db33f9f30539b2141a5075f099309101,Clc1ccc(NC(=O)c2ccc(o2)-c2ccc(Br)o2)cc1Cl
47b02b3d2cc50eee982e4ee87ee9a691b5dadf9c,Clc1ccc(cc1)-c1nc2ccc(cc2[nH]1)-n1c(Cc2ccccc2)nnc1-c1ccc(Cl)cc1
209f29f69f26f543a2d690503469150eecee7619,O=c1[nH]c2c(cccc2c(=O)[nH]1)N1CCCCC1
51e2cd8433d7fcf124684e3e18bb07148a5964f3,Brc1cccc(NC(=O)Cc2ccc(s2)-c2ccc(NC(=O)C3CCNCC3)cc2)c1
ea37dc66ea28cca9c3bb9bc459f1f2d64033b2db,NC(=O)c1cc(cc(NC(=O)CCCOc2ccc(Cl)cc2)n1)-c1cccc(c1)C(O)=O
f1c58ce9a69bcae9d24c4dcb3b94c00626dbf96b,Fc1ccc(cc1C(F)(F)F)-n1cc(nn1)-c1ccccc1NCc1ccc2[nH]ncc2c1
a099f9b7333cc92bba5b30b9df559b77855c75ad,Fc1cccc(c1)-c1n[nH]c2C(=O)N(C(=O)c12)c1ccc(cc1)N1CCCC1
6d3727154d0c1385ee62c6347f1d447df90b1122,Clc1ccc(CNC(=O)c2cc3cnc(nc3[nH]2)-c2cccnc2)cc1
87a0a4fb48a79c4f1c58176e24baa3be8f00ea8b,Fc1ccccc1NC(=O)c1ccc(s1)-c1ccc2NC(=O)Cc2c1
57cfb5205ae29d7afed127a013a965c4b0df27fd,Clc1ccc(cc1)-n1sc2ccccc2c1=O
0eedf623bf685abff52011019045f6cdf2f93a98,NC1=NC2(CCCCC2)C(=O)N1
f4e96dc4c03793ab3bdb85e20f6686ef76edf804,NC(=O)c1ccc(cc1)-n1cc(cn1)-c1ccncc1
bbc504a38b4f50dadc6223e00f691e5eac658414,Clc1ccc(cc1)-c1cc(NC(=O)CSc2nnnn2-c2ccccc2)n(n1)-c1ccccc1
fa0075d80a6ae96a8dbebd83d6ee5e76625db979,NC1=NC2=C(C(=O)CC2=O)C(N1)=C1CCNC(=O)c2[nH]c3ccc(Br)cc3c12
9a2955d3677913119e9a9d1a807620f11d347e3e,Brc1ccc2c(c1)sc1nc(cn21)-c1cc[nH]n1
2f7a9f9f571d8c20225012d62fab521165dcbbbf,Clc1ccc2[nH]cc(C3NC(=O)N(C4CCCCC4)C3=O)c2c1
62b40168fe9017e72e326348e1f4a7605da44cbc,Clc1[nH]c2c(c1-c1ccccc1)c(cn(C=C)c2=O)C1CCNCC1
8f5f364bfa6a88d8a3fd9a5ca1bf800e43c853ff,Nc1ccc(cc1)-c1nc2cc(NC(=O)C3CCCCC3)ccc2o1
89fa463471e4d4a48023c0e6b6c28fb0f3075833,Clc1ccc(s1)C(=O)NCCN1CCN(CC1)C(=O)c1ccc(NC(=O)C=C)cc1
65808acc8783f849fa6e309cb7ab95588cb53a78,Fc1ccc(CC(=O)Nc2n[nH]c3ccc(NC(=O)N4CC5(CC5)CC4)cc23)cc1
c9ad44b6d521559e9bd5830abc95ddcf08ecdd5d,Clc1ccc(Nc2nc(NC3CC3)ncc2C(=O)NC2CC2)cc1Cl
bd79ec6860c9f4aadbf6054aa58934145d28b467,Fc1cc(ccc1-c1cc2c(CCNC2=O)[nH]1)N1C(=O)CCC1=O
98fa3d67edea5f85cb2f70b24c1608b4a82bb557,Clc1ccc(NC(=O)Nc2ccc(CN3CCCCC3)cc2)cc1
e63e2097253c6286ba9e4d51f7251764f98352bd,Brc1ccc(NC(=O)C=C)cc1Nc1nccc(n1)-c1cccnc1
516a8eeba1284c9eed6e73271bd0d6c73ee47707,Clc1ccc(Nc2nc(N[C@@H]3CCOC3)nc3[nH]cnc23)cc1Cl
f88bc7da50902092ca612d9b88055cb4ee9d137c,O=C1N(Cc2ccccc12)C1CCC(CC1)n1c2ccccc2[nH]c1=O
5a1ad1dad09be7c0b48d9baaad0f0a671d5c7247,O=C1NC(=S)NC(=O)C1=Cc1ccc(o1)-c1ccc(cc1)-c1cccnc1
1e3b0743deeeb8bcc56c8d5aa6cb236e6f6150ae,Brc1cnc(NC(=O)C2CC2)cc1-c1ccc2c(NC(=O)C3CC3)n[nH]c2c1
f1b89bf7bb0b8c89154cd73822190b0d0cbc768c,Clc1[nH]c2c(c1Cl)C(CCNC2=O)=NNc1ccc(cn1)C(=O)N1CCCC1
b8d7b1b86284c0fa2e112cc96d0adc40997233a4,Brc1cncc(Nc2n[nH]c3ccc(NC(=O)c4ccccc4)cc23)c1
b482892e95d230f17ac48c57dcbe7111f5ccd6a5,Clc1[nH]c2c(cc3cnccc3c2c1C#N)C(F)(F)F
e976c4cea876e79fdf69e2018f4f461c667f804d,O=C1NC(=O)\C(N1)=C\c1cn(Cc2ccccc2)c2ccccc12
088334950255f3716fb1dd0359229d3070c1d48b,Clc1cccc(Nc2nc3ccccc3n3nnnc23)c1
3a4fe81cc46011fb85575a3ed279e39371577d9d,NC(=O)c1cc(NC(=O)c2ccc(Br)o2)cc2c(NCc3ccc(Cl)c(c3)C(F)(F)F)ncnc12
c526bcac5a1bf965828a58fa59c35ec3d064c217,Clc1ccccc1-c1cc(nc(Nc2ccc3CNCCc3c2)n1)-c1ccccc1
02b75be60160e2f384b7129860c5e7a77e9c0d75,Cc1ccc(cc1NC(=O)c1ccc2c(n[nH]c2c1)-c1ccccc1)-c1nn[nH]n1
abf044e97c756c93cfa9c31f04b1a4acc3e8a329,O=C1NC(=S)NC(=O)C1=Cc1cn(nc1-c1ccc(cc1)-c1ccccc1)-c1ccccc1
b4acd607c6305d3d789ddedf36c1fbfc57d8fd0c,Fc1ccc(CNc2nc(Cl)nc3n(CC(Cl)c4ccccc4)cnc23)cc1
ace8a05e464fcff1c9638033267f5bd6e2e8eb03,Clc1ccc(s1)C(=O)Nc1cc(ccc1N1CCOCC1)C1=CCCCC1
16505525ecf1e2f7ef99452a8cd702740615b2db,O=C1NC(=O)c2c1c(ccc2NCc1ccccc1)-c1ccc(CN2CCOCC2)o1
5bd3d39e3cd51f2f1889eae1b9b452a8da843e99,Brc1ccc(NC(=O)Cn2ccc3c(cccc23)-c2ccccc2)cc1
4e73e794ff125c5a3ee79103ba3bbf42547d2df7,Cc1cc(NC(=O)CCNC(=O)c2ccc(Cl)c(Cl)c2)no1
523c03410593a3d1df22fcf6eac46cb492f0e0b2,Clc1ccc(s1)C1=NOC2(C1)C(=O)Nc1ccccc21
63d4a6a562ce5dcdf457dea97e26af43c85e1ff9,Brc1ccccc1NC(=O)c1cccc(NC(=O)Nc2ccc(CN3CCOCC3)cc2)c1
a72b685cac86cbb0575c25c82c33213c3716e0e8,NC1=NC2=C(C(N1)c1ccc(Cl)c(Cl)c1)C(=O)CC(C2)c1ccccc1
df278efb2c71d09fb9f0dac79eb00af0c5654896,Clc1ccc(CNc2nc(Nc3ccc(CN4CCNCC4)cc3)ncc2C#N)cc1Cl
10ed9a694cdfb153e6fd3df33c92bc50efc2a4e0,Fc1ccc(cc1)-c1cc(NC(=O)C=C)ccc1N1CCN(CC1)C(=O)c1ccco1
cdae61ab337847748345af73d1151af2c66c3483,Brc1ccccc1NC(=O)C1C(C2=C(CCCC2=O)N=N1)c1ccccc1
de86260ae9c4945df3de0dc6a1c558b8e324a8ae,Clc1ccc(cc1Cl)N1CCN(CC1)C(=O)c1ccc(o1)-c1ccc(Cl)c(Cl)c1
1c3a982567f45bf6a94943aa8a7120349006e8c2,NC1=NC2(CCCC2)N(C(N)=N1)c1cccc(c1)-c1cccc(NC(=O)C=C)c1
3a265b0981dba097b87f9776f89551cff964bcaa,Clc1ccc(cc1Cl)C1=CCN(C1)C(=O)c1ccc(NC(=O)C=C)cc1
787eaec429b515a85efe78f3932dfd5f73743fd9,Fc1ccc(cc1C(F)(F)F)C(=O)N1CCc2c(C1)[nH]c1ccccc21
83bc90475f7f168e768ae977d7c7a5e3cc93122b,Clc1ccccc1-c1nc2sccn2c1-c1ccnc(Nc2cccnc2)n1
4c9d61c04807dedbf48c1fd8d9b8f3c8719480b4,Clc1ccc(CNc2nc(NCc3ccc(Cl)cc3)nc3ccsc23)cc1
efc9c214342dee03b5fd1704eda0e31355c9b980,Brc1cccc(c1)C1CC(=O)NC2=C1C(=O)c1ccccc1C2=O
2d68d8b891f30ece422d088079084df20bae0421,Nc1cc(C(O)=O)c2nc([nH]c2c1)-c1cccc(Oc2ccccc2)c1
828996d5a8fc90b67cd017b7db2f53f0c868ea1a,Brc1[nH]c2c(c1Cl)C(CCNC2=O)=NNc1ccccn1
6768eddf1d39c52b4c8a5a408b0e1696d1bcb2c2,Clc1ccc(s1)C(=O)Nc1nc2cc(ccc2[nH]1)C#N
5c534b832d07c8e18d9d5fb22712e63fdd33a826,NC1=NC2=NC(=O)C(N2)=C1N1CCC(CC1)C1CCCCN1
f08bec8409c15bd3a371bf696bdb2c80a6ea34df,Clc1cccc(NC(=O)Nc2cc(cc(c2)N2CCCC2)N2CCCC2)c1
d840ffe28b809d66c423420905775ecf8df8bf9f,Cc1[nH]c2c(c1-c1cccc(NC(=O)CCN3CCOCC3)c1)c(C)[nH]c2=O
c24c41b30b1e674fb89b5f21019d8771557b0402,Fc1ccc(cc1)C(N1CCN(CC1)C(=O)c1ccco1)c1ccc2ccccc2c1
876ef44492d2902d78832aa21ad20025845e94c3,Clc1ccc(NC(=O)c2cncc(Cl)c2)cc1Cl
c9a3c867763e374cfb3c36a4be933fd6eaaf87e5,Clc1ccccc1C1=CC(=O)N(N=C1C1CCCC1)c1ccc(cc1)-c1ccccc1
be7be5c257f198ed059b5b63d6eb097933adaf6d,Brc1[nH]c2c(c1Br)c(c[nH]2)C1=C[C@@H]2CN(C[C@@H]2CC1)C(=O)C=C
1104fc81b98289dcefa794d087c9b05751677f0b,Clc1cccc(c1)C1=CN(CCc2c[nH]c3c2ccc(Cl)c3Cl)C(=O)C1
60995213412dd91a7fe3bbe68977e165a6d28719,Clc1ccc(Nc2nc(NC3CC3)n3ncc(C#N)c3n2)cc1
265fe84939df1a265b59e2ba79044c1f9bc98e60,Clc1cccc(NC(=O)Cc2ccc(cc2)-c2nc3cccnc3[nH]2)c1
1d4be0534273f05c9ead02e23e4ab8a33005c032,O=C1N(Cc2c1cccc2-c1ccccc1)c1ccccc1
4044b73ba3e8bec88f666bfa8bb1cc455d33f6fb,Clc1cccc(NC(=O)Cc2nc(Cl)c(N[C@@H]3CCOC3)c(=O)[nH]2)c1
b60addd11a3e16dd9e15dc9015f9be494f75ebbd,Clc1ccc(NC(=O)c2ccc(s2)-c2ccc3C(=O)NC(=O)c3c2)cc1Cl
a1e0bdf4a16dc503a003521c6999969e7f8df2ba,Clc1cccc(c1)N1CCN(CC1)C(=O)c1ccc(Nc2nc3ccccc3s2)cc1
feaa72f628af3221c87d92ff8b1774b1eea83a5d,Clc1ccccc1-n1cc(cn1)C(=O)Nc1ccc(Oc2ccnc3[nH]c(=O)[nH]c23)cc1
bcb7e26afefb75533e9023a36e110be74364f99d,Brc1[nH]c2c(c1Cl)C(CCNC2=O)=NNc1cccnc1
32ae2ad69e356dfd612b46a70da0f7d2a0ac15c6,Fc1ccc2c(c1)N(Cc1ccccc1)C(=O)C=C2c1ccc(cc1)N1CCNCC1
aaf6213f7a1c5c8caf828f860f154d66cafedc9d,Clc1cccc(NC(=O)COc2ccc(cc2)-c2nc3ccccc3c(=O)[nH]2)c1
6bbdbbd47ebd46686797a11ca18b7c09986e1360,Clc1ccc(NC(=O)CCNC(=O)c2ccc3ncsc3c2)cc1Cl
1096176a3f63ad36e7c55b5f29c171ba71664bf7,Cc1[nH]n(-c2ccc(Cl)cc2)c(=O)c1C(C[N+]([O-])=O)c1ccc(Cl)cc1
435d88fd6c41b9bf087bb1aa7408d363d490368d,Clc1cc(NC(=O)Cc2ccc3OCCOc3c2)ccc1-c1nc2ccncc2s1
6d3b92b5e65ec7109c802fb0b5f641dc645afb9b,Nc1nc(Nc2ccc(cc2)C(O)=O)nn1-c1ccc(cc1)C#N
0520c915bafa41be66251d904c3dbdaa4e20b127,Clc1ccc(cc1)-c1nn2c(nnc2s1)-c1ccco1
35f5339e1ea79ece2eb7dcbe5eaa8c044468ba5d,Clc1ccc(NC(=O)CC2N=C(c3ccccc3)c3ccccc3NC2=O)cc1
2aed8cd47c6042b442dfa18ba184b5b48bf41f7b,Clc1ccc(CNC(=O)c2ccc3[nH]c4c(Cl)cccc4c3c2)cc1Cl
0b63721bcaf13fe9c1f95b57d50c0830d4e07587,Fc1ccc(cc1)C(=O)NCCCN1CCCCC1
e5fe339b1022fbc49489011485c4ada08a578c7c,Fc1ccc(cc1F)C1=N[C@H](c2[nH]c(CN3CCCC3)cc2-c2ccc(Cl)cc12)c1cccnc1
040c91e23f61d9c575109bf52e21f688d5ba935e,NC1=NC(=O)C(N1)=C1CCNC(=O)c2[nH]c3ccc(cc3c12)C(O)=O
b84ac2b3373ff95eaa3d01f0800df85a51cc1e9c,Brc1cccc(NC(=O)CCCOc2cccc3[nH]c4ccccc4c23)c1
697ab09dec840cd1b8fd254f65afb5b003713a29,Brc1ccc(cc1)C1C2=C(CCCC2=O)Nc2c1c(=O)[nH]c(=O)[nH]2
143135c62d750e941afa8688740a679075ef1ebf,NC1=NC2(CCCC2)C(=O)N1
1cb988a46cb2b81de974d6e39e95d4fb3c0bd35e,Fc1cc(NC(=O)c2cc(on2)-c2ccc(NC(=O)C3CCCCC3)cc2)ccc1C(F)(F)F
1b8ad99e4be91793b3ac4e6ab5eb06da6620f8e5,O=C1NC(=O)\C(=C/c2ccc(OCc3ccccc3)cc2)C(=O)N1
5fde8ee0fa6c83117068c1af0eaa0197b3e26ea8,Fc1ccc(cc1)N1C(=O)NC(=O)C(=Cc2ccc3OCOc3c2)C1=O
5e98d01fbbc73fd62ac11e8f10fc49ad1a884475,Clc1cccc(NC(=O)c2ccc(Cn3cc4c(n3)c3ccccc3nc4=O)cc2)c1
507dec382319f2092950077ca7808a78788c1b6f,Cc1[nH]c2c(c1-c1ccc3OCCOc3c1)c(C#N)c(N)c2=[OH+]
318c155246d5c977fee5899f146ec8e96e7704ce,O=C1N(Cc2ccc3ccccc3c2)c2ccc(cc2C1=O)C#N
c00f970c3f9786ee623b5300db0dd6c8ab25fa7a,Clc1[nH]c2c(c1Cl)c(Cl)c(cc2)C1=NN(C(=O)CC1)c1ccccc1
18da6883eef47cc47478eadb12f7146b33e3f0a5,Clc1cccc(NC(=O)Nc2ccc(cc2)-c2ccc3C(=O)NC(=O)Cc3c2)c1
89d59ac25b2b8019a69e1de686eb12dcfbfec0ea,Clc1ccccc1-c1cc2cnccc2c(=O)[nH]1
ed849fef248e56424c1376c11dd773cf8130eca3,Clc1ccccc1-c1ccc(Cc2n[nH]c(=S)n2-c2ccccc2)cc1
2715a5ff03a494b84150fbae8246e7f8dc93cef5,NC(=O)c1ccc(cc1)-c1c(O)ccc2cc(ccc12)-c1cccc(O)c1
0928367248f05d9b23a412b4d4fe0c4f27809acf,NC1=NC(C2=NCCCN12)(c1ccc(OC(F)(F)F)cc1)c1ccc(F)cc1
08580615c37612f7546e90ea3d4f420711aff79f,NC(=O)c1ccc2[nH]c3c(C(CCNC3=O)=NNc3ccc(cn3)C(F)(F)F)c2c1
