hash,smiles
e872cfa844199baa0fdf81793475016a704b4db1,COc1ccc2CN(C[C@]3(NC(=O)NC3=O)C#Cc3cnc(s3)-c3cccc(N)c3)C(=O)c2c1
7b328497ecb8b781e1671705af07110f6f3b523a,CC(=O)N1CCN(CC1)C(=O)c1ccc2C(=O)N(Cc2c1)c1cccc(n1)-c1nncn1C1CC1
60458497ed738d832d2b9cb8346c87b3b2182642,CC(C)(O)[C@H](F)CNC(=O)c1cnc(cc1NC1CC1)-c1ccc2cc(cnn12)C#N
ddd8475a0936cfb5fc6b759e081d4a231bfdf6f9,COc1ccc2CN(C[C@]3(NC(=O)NC3=O)C#Cc3ccc4c(C=O)c[nH]c4c3)C(=O)c2c1
4b4c55705cb0c5947cec7f3da6bf704efbae4b20,CC(C)(O)[C@H](F)CNC(=O)c1cnc(cc1N[C@H]1CCC[C@H](O)C1)-c1ccc2cc(cnn12)C#N
68aed86c86270c7f5649f14ccbb2f90f8f76a89f,COc1cccc2c1ncc1c2n(C2CCCC2)c(=O)n(-c2cccc(Cl)c2)c1=O
9512ce266275a282948689e92b62d3bdefcc2377,COc1cccc2c1ncc1c2n([C@@H]2CCOC2)c(=O)n(-c2cccc(c2)C(F)(F)F)c1=O
a2b3793e8007d3ee61613b9d33f47b90b1b6c2f6,COc1cccc2c1ncc1c2n([C@@H]2CCC[C@H](O)C2)c(=O)n(-c2ccc(C)cc2)c1=O
da3299f36c731a2ad39b2dd8ba2fc5f2a5361354,CC(C)(O)[C@H](F)CNC(=O)c1cnc(cc1N[C@H]1CC[C@H](O)C1)-c1ccc2cc(cnn12)C#N
f16d319ecc4ddddf748d0c2055bdce8e9d008c9b,Cc1ccc(Nc2cc(ncc2C(=O)NC[C@@H](F)C(C)(C)O)-c2ccc3cc(cnn23)C#N)cn1
4c5c44d8a65ec325aed305125333f228fde3f595,CC(C)(O)[C@H](F)CNC(=O)c1cnc(cc1NC1C2COCC12)-c1ccc2cc(cnn12)C#N
50e456ff7794715995a19567f442adf9a964926c,CC(C)(O)[C@H](F)CNC(=O)c1cnc(cc1N[C@@H]1CCOC1)-c1ccc2cc(cnn12)C#N
6594cd0d0c402faea470367cb238deea13b14c4d,CC(C)(O)[C@H](F)CNC(=O)c1cnc(cc1N[C@H]1C[C@H](O)C1)-c1ccc2cc(cnn12)C#N
4904bb953fbb591a9bca0d13660f184e089da89d,CC(C)(O)[C@H](F)CNC(=O)c1cnc(cc1N[C@H]1CCC[C@H](N)C1)-c1ccc2cc(cnn12)C#N
758ac3e3d9fb89a7663d307d88d373fcc1620fc2,CC(C)(O)[C@H](F)CNC(=O)c1cnc(cc1NC1CC2(CC2)C1)-c1ccc2cc(cnn12)C#N
589137ded9c7c88ec6a8de52e734ad84213fb6a6,COc1ccc2CN(C[C@]3(NC(=O)NC3=O)C#Cc3ccc(cc3)C(C)(C)C)C(=O)c2c1
836bd4db8c52bf6632c66bab9cc154906898a1a9,COc1ccc2CN(C[C@]3(NC(=O)NC3=O)C#Cc3cc(Cl)ccc3O)C(=O)c2c1
250e02263404c805aa5abd5adf850df9e1f30713,COc1ccc2CN(C[C@]3(NC(=O)NC3=O)C#Cc3ccc(cc3)C3(N=N3)C(F)F)C(=O)c2c1
f05f3cf6ab4e35aa169605579c0292201362d7e6,COc1ccc(cc1)-c1cc2nc(nc(N3CCC(O)CC3)c2[nH]1)N1CCCCCC1
0bd25a46c59aa497fb7cbabbe5beacaa271776f5,COc1ccc(cc1)-c1ccc(cc1)-c1c[nH]c(=O)cc1O
7cd3870cee771574ab5027e40fd5d2059c1afb04,Cc1ccc(NC(=O)c2cccc(NS(=O)(=O)c3cccc4ccccc34)c2)cc1
728ce21d9ceb748e7e26f70ec5a83c5ba96aa858,CC(C)(O)[C@H](F)CNC(=O)c1cnc(cc1N[C@@H]1CCC[C@@H](N)C1)-c1ccc2cc(cnn12)C#N
0139a54e233e0705279e4bb0a77b8afc8a03e0a8,Cc1ccc(C=Nn2c(n[nH]c2=S)-c2ccncc2)s1
8afa53d20a669e50065df00919097d7a187ec8b3,COc1ccc2CN(C[C@]3(NC(=O)NC3=O)C#Cc3ccc4c(N)n[nH]c4c3)C(=O)c2c1
52931b29b457416dd432525882187ef8b9e11d45,COc1ccc2CN(C[C@]3(NC(=O)NC3=O)C#Cc3ccc4c(C)c[nH]c4c3)C(=O)c2c1
a589db5fc34323958ab894f04cde5629af290b8a,CC(C)(O)[C@H](F)CNC(=O)c1cnc(cc1NC1C[C@H]2C[C@@H]2C1)-c1ccc2cc(cnn12)C#N
452dd9ef7a4251413bdf88c35f606b2419c4c665,CCOC(=O)CCCn1c(=O)n(CC2=CCCCC2)c2nn(cc2c1=O)-c1ccccc1
028790c91cb0008cebbfc4df20c012fecd796af0,CN1C(=O)NC(Cc2c[nH]c3c(Cl)cccc23)C1=O
c9f702197538d5656e25f334f9346160fc7ba401,Cc1ccc(C(=O)CN2C(=O)NC(C)(C2=O)c2ccccc2)c(C)c1
23d420d982d5597e922d8712f6200620d6bf86a4,COc1ccc2CN(C[C@]3(NC(=O)NC3=O)C#Cc3ccc4c(c3)[nH]c3ccccc43)C(=O)c2c1
a46966cbb20a48e89fb0ca221342e7cbc6a751a0,COc1ccc(cn1)-c1ccc2ncc(n2c1)S(=O)(=O)N1CCN(CC1)c1ccc(F)cc1
ecb279a23ded4afef336499795369d91e167e34a,CC(C)(O)[C@H](F)CNC(=O)c1cnc(cc1NC1CC(F)C1)-c1ccc2cc(cnn12)C#N
3f8e2b78f33f03b11fef9da82bc17a662ce6e559,Cc1ccc(Nc2nc(nc3ccccc23)-c2ccccc2)cc1
af19597980baab81a21cbab9fb0acdc36c36851a,COc1ccc2CN(C[C@]3(NC(=O)NC3=O)C#Cc3ccc(cc3)N3CCNCC3)C(=O)c2c1
1785736c11862b1b33fecd673df8078f8ba81d46,CCOC(=O)CCCn1c2ccccc2c(O)c(C(=O)Nc2cccnc2)c1=O
2bc0590162ee2296136bbb03dddfb95e0a937dbf,Cc1cc(ccc1S(N)(=O)=O)N1C(=O)\C(=C\c2c[nH]c3ccccc23)N=C1c1ccccc1
be2d7f568925e35f01510ca006a09422e1644038,Cc1c(C)c2OC(C)(CCc2c(C)c1O)C(=O)Nc1cc(Cl)c(C#N)c(c1)C(F)(F)F
be0b061c2687b444c98e93b262539b304115825f,COc1cccc2c1ncc1c2n(C2CCCC2)c(=O)n(-c2cccc(C)c2)c1=O
49e1819c3483e4efca991ee9664b8a31fc6babe0,Cc1ccc(NC(=O)CN2C(=O)N(C(=O)C2(C)C)c2ccc(Cl)cc2)cc1Cl
a74fbebcb78899795de8771916f52c3f7f4d0b8f,COc1ccc2CN(C[C@]3(NC(=O)NC3=O)C#Cc3ccc4c(c3)[nH]c(=O)[nH]c4=O)C(=O)c2c1F
a4294b9e8eefbb2ce560902e78bfb537f843a132,CC(C)(O)[C@H](F)CNC(=O)c1cnc(cc1NC1CC(F)(F)C1)-c1ccc2cc(cnn12)C#N
ed7f21e07bf0e58929b7a744f52ecc3c253dcc62,COc1ccc2CN(C[C@]3(NC(=O)NC3=O)C#Cc3ccc(cc3)C(O)C(C)(C)O)C(=O)c2c1
eab77b501a74109240461e206df001a316e5bbe6,COc1ccc(cc1)-c1nnc(SCc2nc3ccccc3[nH]2)o1
823168b61b3ab45a7d44a7ff6ddcc658b5212d47,Cc1cc(C)c(C)c(NC(=O)CN2C(=O)NC(C)(C2=O)c2ccccc2)c1
cf02b0de7a297521c6763dafbc2d9f270f279075,Cc1ccc(cc1)C1CC(=NN1c1ccc(cc1)S(N)(=O)=O)c1ccc(C)s1
1d8922336719dbb85a39f9682965fbee98930533,COc1cccc2c1ncc1c2n(C2CCOC2)c(=O)n(-c2cccc(Cl)c2)c1=O
91bc58358aa9ffc4a88367c5628da9bdcb13cf28,COc1ccc2CN(C[C@]3(NC(=O)NC3=O)C#Cc3ccc(cc3)N3C[C@@H](O)[C@@H](O)C3)C(=O)c2c1
d201e373dd2e2e586e6916d2f3761f6aa0b68ec5,COc1cccc2c1ncc1c2n(C2CCC(C)(C)CC2)c(=O)n(-c2cccc(C)c2)c1=O
59dae6a1769092d658ce116dd3e233adefc07eaa,CN(C)C1CCN(CC1)C(=O)c1ccc2C(=O)N(Cc2c1)c1cccc(n1)-c1nncn1C1CC1
f43cd65e3da07a04ae9f13cfc61d6ffa2e991514,CC(=O)c1cccc(c1)N1CCN(CC1)c1ccc(NC(=O)c2ccccc2)cc1
ee93e2981f330460ece6c45d3b4d2552527421a9,Cc1c(C)c2ccccc2n1C(=O)C1CCN(CC1)S(=O)(=O)c1ccccc1
5c88b1445d3e2f1d6f909a3564d34da4e17ce3d5,COc1ccc(cc1OC)C1=NN(C(C1)c1ccc2ccccc2c1)C(=O)C(C)=O
72799b6953439b3fb9ba34da8e4771e504a8e03d,CC(C)(O)[C@H](F)CNC(=O)c1cnc(cc1N[C@H]1CC[C@H](O)CC1)-c1ccc2cc(cnn12)C#N
a70d00fc86541cec90c4c35c6fc7f069122db8aa,Cc1c(CC(=O)N2CCC(CC2)c2ccc3OCCc3c2)oc2c(F)c(F)c(F)c(F)c12
10900f7c60e9593023c568e6b1b2f032ceb39f1d,COc1ccc2CN(C[C@]3(NC(=O)NC3=O)C#Cc3cnc(NC(C)C)nc3)C(=O)c2c1
5f256b8ae269e389e5265d156164e7067078c966,COc1ccc2CN(C[C@]3(NC(=O)NC3=O)C#Cc3ccc(nc3)C3(CC3)NC(C)=O)C(=O)c2c1
bff3355a08247a1984a40b1ee3d9cc48dab8229d,Cc1ccc2nc(Nc3ccc(cc3)S(N)(=O)=O)oc(=O)c2c1
8d952aad76bc53b13e37f2855fc35932f5e11235,COc1ccc2CN(C[C@]3(NC(=O)NC3=O)C#Cc3ccc(CN4CCCCC4)cc3)C(=O)c2c1
386c59227c65b131dd40cc11bbe8b53441c2cfb9,CC(C)(O)[C@H](F)CNC(=O)c1cnc(cc1N[C@H]1CCC[C@@H]1O)-c1ccc2cc(cnn12)C#N
4ed8c500ce4626d9b247fde1b6ee38a9fb154993,COc1ccc2CN(C[C@]3(NC(=O)NC3=O)C#Cc3ccc(nc3)-n3cccn3)C(=O)c2c1
68ec3cdcc003f0f791fc11a71b1bb354e6ab4173,CC(C)(O)[C@H](F)CNC(=O)c1cnc(cc1NC1CC2(C1)COC2)-c1ccc2cc(cnn12)C#N
4066fa0ac233bf0edcee6468dba6c358d7d6ae06,CC(C)(O)[C@H](F)CNC(=O)c1cnc(cc1NC12CC(CO)(C1)C2)-c1ccc2cc(cnn12)C#N
6b7687014ffe0e25c21ec029b3758e7b75b4cdf7,COc1ccc2CN(C[C@]3(NC(=O)NC3=O)C#Cc3ccc4n(C)c(=O)ccc4c3)C(=O)c2c1F
03ad2b878b3315dc22d7d4725ca424878218591a,CC(C)(O)[C@H](F)CNC(=O)c1cnc(cc1NC1CCC(O)CC1)-c1ccc2cc(cnn12)C#N
cc67a782869249652c839b28066535e379bc6c9a,COc1cccc2c1ncc1c2n(C2CC(C)(C)NC(C)(C)C2)c(=O)n(-c2cccc(Cl)c2)c1=O
ff3cb087e967148a17ab85cde18748d92dfd7282,COc1ccc(cn1)-c1ccc2ncc(n2n1)S(=O)(=O)N1CCN(CC1)c1cccc(Cl)c1
04d982426ba12252c1e44ef3454f88ea65095715,CC(C)(O)[C@H](F)CNC(=O)c1cnc(cc1N[C@H]1C[C@@H](O)C1)-c1ccc2cc(cnn12)C#N
bbbbd1dcf347c4f10e0da30e9d4f4da342c3f7e0,COc1ccc2CN(C[C@]3(NC(=O)NC3=O)C#Cc3ccc(cc3)N3CCN(C)CC3)C(=O)c2c1
a37d4fd9a530bd2166a1955c74f4d8394f9749f2,COc1cccc(c1)[C@]1(C)NC(=O)c2nc(ncc12)-c1ccc(C)c(C)n1
238e6df30f2fdb64bee3df1a6836c4d1c9ca3e7d,Cc1ccc(C)c(c1)-c1ccc2ncc(n2n1)S(=O)(=O)N1CCN(CC1)c1cccc(C)c1C
8a2997626d15b26ed0628ef844777f3e1f5c7527,Cc1cccc2c1ncc1c2n(C2CCC(O)CC2)c(=O)n(-c2cccc(Cl)c2)c1=O
b1e38468377e412b8dd32358588447df6c8a3e57,COc1cccc(NC(=O)c2nc(cnc2N)-c2cccc(c2)N(C)C)c1
7450a79164d20185696f6029ede06f36572778c0,CC(C)(O)[C@H](F)CNC(=O)c1cnc(cc1N[C@H]1CCC(C)(F)C1)-c1ccc2cc(cnn12)C#N
2b24c3832534299355955ba7c5565bf50513ea43,CC(C)(O)[C@H](F)CNC(=O)c1cnc(cc1N[C@H]1CC[C@H](N)CC1)-c1ccc2cc(cnn12)C#N
61c9485e59c243044fa8cf7375b90db3576278fc,CC(C)(O)[C@H](F)CNC(=O)c1cnc(cc1NC1CCC(O)C1)-c1ccc2cc(cnn12)C#N
6b800191211d1299450245391d21c1e4b2831f46,Cc1cc(NC(=O)c2ccc(C)c(c2)[N+]([O-])=O)ccc1N1C(=O)C=CC1=O
1c9fdc75de0e41610bdde997f9bd29bd159e6b4f,COc1ccc2CN(C[C@]3(NC(=O)NC3=O)C#Cc3ccc(nc3)C3=NC(C)CO3)C(=O)c2c1
310c33bd1f3140b81a010b5264220310c9638d51,COc1cc2nc(nc(NC3CCC(CC3)C(N)=O)c2cc1OC)-c1cccc(n1)C(F)(F)F
1d547f7396c21b19c0e913956b9d20458329d520,COc1ccc2CN(C[C@]3(NC(=O)NC3=O)C#Cc3ccc(cc3)C3(CN)CC3)C(=O)c2c1
d810583670839a1a5b0a1379496a6d0b22ced0e5,CC(C)(O)[C@H](F)CNC(=O)c1cnc(cc1NC1CC2(COC2)C1)-c1ccc2cc(cnn12)C#N
67bd022394ef76af2525269482fda824c236ce3b,Cc1cccc2c1ncc1c2n(C2CCOC2)c(=O)n(-c2ccc(cc2)C(C)(C)C#N)c1=O
dc56125ee13b738c0df01ea3821b883fefcd3ee7,COc1ccc2CN(C[C@]3(NC(=O)NC3=O)C#Cc3ccc(cc3)-n3cccc3)C(=O)c2c1
1e4b3b9d6d957a6bc1a42c971e9646f32db92400,Cc1ccc(cc1)C1(CC1)Nc1ncnc2ccc(cc12)-c1ccc(cc1)C#N
3600c963dd8811ccf634cc3409e252943ae851cc,COc1ccc2CN(C[C@]3(NC(=O)NC3=O)C#Cc3ccc(cc3)C3=NCCN3)C(=O)c2c1
21b3d38aa1803abb40700e0c57542d7af884eb50,COc1cc(ccc1-n1c(C)c(C)c2cc(ccc12)C(O)=O)C(=O)N1CCN(CC1)C(C)C
d345d64d39a410875ded538dcfa51feecd224ed8,Cc1cccc(Nc2ncnc3sc(cc23)C(O)=O)c1
407d4c3687c3e2b0cdd8550ccd1f805d711ba12c,CN(C)[C@H]1CC[C@H](CC1)Nc1ncnc2ccc(cc12)S(=O)(=O)N(C)c1ccccc1
7337fbcd593cdc388ed331668f3c74e9a8288c88,CC(C)(O)[C@H](F)CNC(=O)c1cnc(cc1NC1CC2(C1)CC2)-c1ccc2cc(cnn12)C#N
d19bdf3e93d637a294aefaea9407bfb2ba585152,COc1ccc2CN(C[C@]3(NC(=O)NC3=O)C#Cc3ccc4nc(N)[nH]c4c3)C(=O)c2c1
15ca4b059011e075e722dd462d20e71ad45eb375,Cc1cc(C)n(n1)-c1nc(NCC2(F)CCNCC2)nc(Nc2cc([nH]n2)C2CC2)n1
affdfc55007baa0b91d60aa3539c7e509e558668,CC(C)(O)[C@H](F)CNC(=O)c1cnc(cc1N[C@H]1CCC[C@@H](O)C1)-c1ccc2cc(cnn12)C#N
d3976aaf91fb6c81b2e6168c25b2df56556ba2e7,COc1ccc2CN(C[C@]3(NC(=O)NC3=O)C#Cc3ccc(cc3)C3(N=N3)N(C)C)C(=O)c2c1
d2dadc1574cadcb3c1f8e1f8e05aef5036a6e66f,Cc1cccc(c1)N1C(=O)NC(=O)C(=Cc2c[nH]c3ccc(Br)cc23)C1=O
61425856f9efd9fa05a3644f50dc69e0e345a29c,COc1cc(cc(OC)c1OC)C1=C(C(=O)NC1=O)c1c[nH]c2cc(Cl)c(Cl)cc12
3798811a71a2a8f88bc63ea12d079ee4fecfad2c,Cc1ccc(C=NNC(=O)c2cc(nc3ccccc23)-c2ccco2)o1
7fb86cf1da94ba2cfacf1b3bfc5fc61abcde83df,CC(C)(O)[C@H](F)CNC(=O)c1cnc(cc1NC1CCC(F)(F)C1)-c1ccc2cc(cnn12)C#N
e353751091b4d236ed963d5242348a96f4a5aaa8,COc1ccc2CN(C[C@]3(NC(=O)NC3=O)C#Cc3ccc4c(N)[nH]nc4c3)C(=O)c2c1
5ecc1d03c1915f6696a2c3a559c72e9748eda823,COc1ccc2CN(C[C@]3(NC(=O)NC3=O)C#Cc3ccc4ncccc4c3)C(=O)c2c1
d69db37075e51a633899fc6b29bea44cb18b66a9,COc1ccc2CN(C[C@]3(NC(=O)NC3=O)C#Cc3ccc(cc3)C(C)=O)C(=O)c2c1
1083470d7a5d056996ed223455a06dd9c27f00e0,CCOC(=O)CCCn1c2nc(C)n(CC(=O)c3cccc(F)c3)c2c(=O)n(CCC)c1=O
bee956adf704acc664253cfc2419680479049ef1,COc1cc(ccc1Nc1ncc(C#N)c(N[C@@H]2CC[C@H](O)CC2)n1)-c1cnc(N)cn1
17e1f58fd9bcb76220aaf91f2ee3e781c3c29299,COc1cccc2c1ncc1c2n(C2CCOC2)c(=O)n(-c2cccc(C)c2)c1=O
c6ca456bdd11a5c254b52033ce05eff6a2fcbe80,COc1ccc2CN(C[C@]3(NC(=O)NC3=O)C#Cc3ccc(nc3)N3CC(O)C3)C(=O)c2c1
69db2cbbad9420be4553462df997783852722e93,Cc1cc(ccc1-c1ccc(nn1)N1C[C@@H](O)[C@@H](O)C1)C#Cc1cc(F)cc(F)c1
756340eb524048cfb0d31337d3ca47bc3df59448,CN1C(=S)NC(=O)\C(=C/c2ccc(o2)-c2ccc(cc2)S(N)(=O)=O)C1=O
7558b975961db111cb679d0819820c643c636f86,COc1ccc2CN(C[C@]3(NC(=O)NC3=O)C#Cc3ccc(nc3)-n3cnc(C)c3)C(=O)c2c1
6135da92ea006ff1d6cb3d111cb241d253c8b9ee,COc1ccc2CN(C[C@]3(NC(=O)NC3=O)C#Cc3ccc4nccnc4c3)C(=O)c2c1
3a9a267140bbde6652fc20726cdecf1d162ee921,COc1ccc(cc1)C(=O)c1ccc2N(CCc2c1)C(=O)c1ccccc1Cl
1aefa21329c73d76fa6ff40f5e6ba87d62387fb6,COC(=O)NCC1(F)CCN(CC1)C(=O)c1cnc2ccc(nn12)-c1ccc(cc1)C(C)(C)C
dd1307258604b0f75176f93f4af3966fdfedb831,CC(C)(O)[C@H](F)CNC(=O)c1cnc(cc1NC1COC1)-c1ccc2cc(cnn12)C#N
3736bc6ae6b34e66da02c9250acc481b1dec4310,COc1cccc2c1ncc1c2n(C2CCC(C)CC2)c(=O)n(-c2cccc(Cl)c2)c1=O
cf959d884af08c21a80c0ae12120d6a09b78f257,COc1ccc2CN(C[C@]3(NC(=O)NC3=O)C#Cc3ccc(cc3)C(C)N(C)C)C(=O)c2c1
3e181cb2948586b30f6054ce822e8aa0d471f6bb,CN(C)c1ncc(s1)S(=O)(=O)N1CCC(CC1)C(=O)Nc1cc(C)ccc1Cl
ba14e18ad410e7a5e67680e06ce989134433ff63,Cc1c(O)ccc2c1occ(-c1ccc(Cl)c(Cl)c1)c2=O
8b71c950fab37e570252a405e0b6a8d435b4f29e,CCOC(=O)CCCn1c2ccccc2c2cc(C(=O)NC)c(cc12)-c1ccccc1
e1fd87f40a9d574cd238e1d2952bac34a3fcc40c,COc1ccc2CN(C[C@]3(NC(=O)NC3=O)C#Cc3ccc(cc3)C3(CC3)C(O)=O)C(=O)c2c1
9d1904e5d4ead6ab628d1b8009711b942145e5a7,CC(C)(O)[C@H](F)CNC(=O)c1cnc(cc1N[C@@H]1CCC[C@@H](O)C1)-c1ccc2cc(cnn12)C#N
cf846204b1602ed2f7c5bd81847282b3fa1c18f4,CC(C)(O)[C@H](F)CNC(=O)c1cnc(cc1NC1C[C@H]2CC[C@H]1O2)-c1ccc2cc(cnn12)C#N
db590dac1c3d104248eb7e70ee2eb92a0c61e68f,COc1ccc2CN(C[C@]3(NC(=O)NC3=O)C#Cc3ccc(nc3)N3CCNCC3)C(=O)c2c1
de9f1e72648fb9b59ee8e5d18b67ec5e42d853df,CC(C)(O)[C@H](F)CNC(=O)c1cnc(cc1NC1CCC(F)C1)-c1ccc2cc(cnn12)C#N
6677f9da463ab7ae8d779498dbfa56dd7d50cd1e,CC(C)Nc1cc(ncc1C(=O)N[C@H]1CC[C@H](O)CC1)-c1ccc2cc(cnn12)C#N
ceea00202b20e15566fbcff5989f4881fef37bab,CC(=O)Nc1cccc(c1)C(C)=NNC(=O)c1ccc(cc1)-c1csc2ncnc(N)c12
6bff526eb083c29f84ae20a3aae3e5545cb40c8d,COc1ccc2CN(C[C@]3(NC(=O)NC3=O)C#Cc3ccc(cc3)C3(N=N3)C(F)(F)F)C(=O)c2c1
6e50c07157a394dd63dfe8a12443a613c20173bd,Cc1cccc(Nc2cc(ncc2C(=O)NC[C@@H](F)C(C)(C)O)-c2ccc3cc(cnn23)C#N)n1
454ad3fd92807e89c9a0f7bf6d199dedb97ab735,COc1ccc2CN(C[C@]3(NC(=O)NC3=O)C#Cc3ccc(cc3)C(C)(C)O)C(=O)c2c1
21a9d2bf62155cbb3a7f52f616e7092fee7b17ec,CC(C)(O)[C@H](F)CNC(=O)c1cnc(cc1N[C@H]1C[C@@H](C1)C(N)=O)-c1ccc2cc(cnn12)C#N
e3a9d36c4c134e2c517e9b7f20f930fc9cb46f3e,COc1ccc2CN(C[C@]3(NC(=O)NC3=O)C#Cc3ccc4c(c3)[nH][nH]c4=O)C(=O)c2c1
86b1f6592c43313ba1202fb674de5ac982a06e58,COc1ccc2CN(C[C@]3(NC(=O)NC3=O)C#Cc3ccc4nc(N)sc4c3)C(=O)c2c1
e1c746cffd5ce3a5c0dac499a0b4b46e25633e70,CC(C)Nc1cc(ncc1C(=O)N[C@H]1CC[C@@H](CC1)NC(C)=O)-c1ccc2cc(cnn12)C#N
59095908db2c27607cd5a3056cb6738d62b7216c,CN1C(=O)NC(Cc2c[nH]c3c(Br)cccc23)C1=O
c88f6da3b5e0fb105215fbad9e4b49005e9d7003,COc1ccc2CN(C[C@]3(NC(=O)NC3=O)C#Cc3ccc(cc3)-c3ncc[nH]3)C(=O)c2c1F
7cf803a2e265bb95f9835f8aa878659a6f82325d,Cc1ccc(C)c(NC(=O)CSc2nnc(o2)-c2ccncc2)c1
b67166dd410bb49af313692197590bdad6805468,COc1ccc2CN(C[C@]3(NC(=O)NC3=O)C#Cc3cc(C(C)C)c(C)s3)C(=O)c2c1
b0e774e7d6f9ed4747d0010cc63b704656cfd4cf,COc1ccc2CN(C[C@]3(NC(=O)NC3=O)C#Cc3ccc(cc3)-c3cccc(N)c3)C(=O)c2c1
ce706e98577f34227ee4b5fc0858b2a22c11ab3d,COc1ccc2CN(C[C@]3(NC(=O)NC3=O)C#Cc3ccc(cc3)C3(C)N=N3)C(=O)c2c1F
8b8ed86b320eea7207a4d19e3a9c89a5c83f4c41,COc1ccc(cc1OC)-c1nc(ncc1C(=O)Nc1ccncc1)-c1ccc(C)o1
7f50e4ea03712e56ffdec17712eb69335a69f89b,COc1cccc2c1ncc1c2n(C2CCC(O)CC2)c(=O)n(-c2cccc(Cl)c2)c1=O
1ee4f080964c44048ffda54b9d85fa3c4a6cc69f,Cc1nc(Nc2cc(ncc2C(=O)NC[C@@H](F)C(C)(C)O)-c2ccc3cc(cnn23)C#N)oc1C
3399e59ff0692f3e672003a17d9eb91ba7a0140f,COc1ccc2CN(C[C@]3(NC(=O)NC3=O)C#Cc3ccc(cc3)C3(N=N3)C#C)C(=O)c2c1
ed5f8debd7d51f0f47d2f2b5412ef530f984c17a,COc1cccc2c1ncc1c2n(C2CCCC2)c(=O)n(-c2ccc3OCCOc3c2)c1=O
dfac45be1b6c2fa2e90afde6fe7c8ec1b5bd1f32,COc1cc(ccc1Nc1nc2c(OC)cccc2c(=O)[nH]1)N1CCC(CC1)c1ccncc1
9f73b3bb97c6ad7fda7fa981c436e03b1bee3636,COc1cccc2c1ncc1c2n([C@@H]2CCC[C@H](O)C2)c(=O)n(-c2cccc(Cl)c2)c1=O
7f0299ef0b490efc301c0796b76b4e9251ecfe29,COc1cc2nc(nc(N)c2cc1OC)-c1ccc(O)c(O)c1
8646b7689b83c57ef07510efcb79724c68cd343c,CC(=O)N1CCN(CC1)C(=O)c1ccc(Cn2cc(C)c(n2)-c2nc3cc(F)c(F)cc3[nH]2)cc1
d5fc6dd1f0433597321e4bcf0c94e11ef2942384,COc1ccc2CN(C[C@]3(NC(=O)NC3=O)C#Cc3ccc(cc3)-c3nnc(N)s3)C(=O)c2c1
ef4faf7a3b3f501a82a1ad2359e8d4169f513540,Cc1cc(C(=O)CSc2nnc(o2)-c2ccncc2)c(C)n1-c1ccc(C)cc1
327645ff4b8dff4ab2c4e54ba832ce83f1107172,CC(C)(O)[C@H](F)CNC(=O)c1cnc(cc1NC1CC2CCC1O2)-c1ccc2cc(cnn12)C#N
c82096bf2faadbc2f519dccdb23133c5d289b49d,COc1ccc2CN(C[C@]3(NC(=O)NC3=O)C#Cc3ccc4c(c3)[nH]c3ncccc43)C(=O)c2c1
b930b834fac8ed30f427d34941bbc401531612ca,Cc1cc(Nc2cc(ncc2C(=O)NC[C@@H](F)C(C)(C)O)-c2ccc3cc(cnn23)C#N)ccn1
a09c15adbd295d07b763e394e384ce8ff3b21bce,COc1cccc2c1ncc1c2n(C2CCOCC2)c(=O)n(-c2cccc(C)c2)c1=O
c4019443ac30562536cfa334861f715a9681b5dc,COc1ccc2CN(C[C@]3(NC(=O)NC3=O)C#Cc3ccc(cc3)C3(O)CCC3)C(=O)c2c1
b0ef957f28c4202bc7f1070a2668cc2dbf90dcc7,COc1ccc2CN(C[C@]3(NC(=O)NC3=O)C#Cc3ccc4c(N)nccc4c3)C(=O)c2c1
43ab081b8f2a2c9c8164ad54411b077b6e4542df,CC(C)(O)[C@H](F)CNC(=O)c1cnc(cc1NC1C2CC1CNC2)-c1ccc2cc(cnn12)C#N
90b9047f2074e81849401423b3e477a05a61417e,CN1C(=S)NC(=O)\C(=C/c2c[nH]c3ccccc23)C1=O
dcac7d37f7ca56f4fabcbb5bbf207478ef7ea3e6,CC(=O)N1CCc2c(C1)sc1nc(nc(N3CCN(CC3)C(=O)C3CCCO3)c21)-c1ccc(C)o1
fd634221a1287df6eadb288ab9a798911348f91f,COc1ccc(cc1)C(=O)Nc1c(O)cc(Cl)cc1Cl
2ed7ff5bef67ee6e06221abea5690db36bf6c6cd,COc1ccc2CN(C[C@]3(NC(=O)NC3=O)C#Cc3ccc(cc3)C3(O)CCNC3)C(=O)c2c1
6da6be5a2e70ea208589348e3043997a6a70edda,COC(=O)c1cccc(NC(=O)CSc2nnc(o2)-c2ccncc2)c1
a89fbff528592c9bc49bac70bcc40bd5d72d932c,COc1cccc2c1ncc1c2n(C2CCN(CC2)S(C)(=O)=O)c(=O)n(-c2cccc(Cl)c2)c1=O
912a088d58b82fb3be04ed4a9b624c6cb3963023,CC(C)(O)[C@H](F)CNC(=O)c1cnc(cc1NC1CC(O)C1)-c1ccc2cc(cnn12)C#N
47dd11398d6ef9ed9c69ab62273e378892da256c,Cc1cccc(Nc2nc3ccc(cc3[nH]2)[N+]([O-])=O)c1
995c8214e04dbd6ed46b80929fc65c7c190a9a90,Cc1cccc(c1)C(=O)C1C(N(C(=O)C1=O)c1cccnc1)c1cccc(F)c1F
c6930ac5877ff730a734638818dde275ca0e5999,CN1C(=O)\C(=N/NC(=O)c2cn(C)c3ccccc23)c2ccccc12
7d41c6ab4d851cd82a8ed89e3fcc72cc58659cc2,Cc1cc(ccc1Br)-c1ccc2nc3CCCN(c3n2c1)c1ccc(Cl)cc1
15ce32777cb69eb1f6470a7bb5c9359af83e8302,Cc1cc(C)cc(c1)C(=O)c1sc2ccccc2c1O
25e22089c4d4c8141df31ee9223835edac44b7eb,CC(=O)N1CC2(C[C@H]1C(=O)N1CCN(CC1)c1ccc(C)cn1)CC(C2)c1ccccc1
29dba28d300a322117944a3a86f5958b5a2aa229,Cc1nc(NC(=O)CSc2nnc3c4ccccc4n(C)c3n2)sc1C
8d6ef69aa409c56aab33ff7e63c91486a69f2406,CC(C)(O)[C@H](F)CNC(=O)c1cnc(cc1Nc1cccc(F)c1)-c1ccc2cc(cnn12)C#N
1eec82fd4b383e21cd4f9ee57ff30a17ff8823f4,CC(C)(O)[C@H](F)CNC(=O)c1cnc(cc1NC1(C)COC1)-c1ccc2cc(cnn12)C#N
253870fdf381221caa76ebc3e68c8ea1b92c40a8,COc1ccc2CN(C[C@]3(NC(=O)NC3=O)C#Cc3ccc(cc3)N3CCNCC3)C(=O)c2c1F
b929c0c7e5568083042941afcdb119393db3f283,COc1ccc2CN(C[C@]3(NC(=O)NC3=O)C#Cc3cnc4[nH]cc(C)c4n3)C(=O)c2c1
3927fcf24704e57166d73446662f7062332ba12b,COc1ccc2CN(C[C@]3(NC(=O)NC3=O)C#Cc3ccc(nc3)C(O)=O)C(=O)c2c1F
5c494ca3e4c7e865478fe6301bd40b1fd2426c71,CC(C)(O)[C@H](F)CNC(=O)c1cnc(cc1N[C@H]1CCC[C@H]1O)-c1ccc2cc(cnn12)C#N
96f21190cd4d7eb98968be89651ed0bc0049528b,COc1ccc2CN(C[C@]3(NC(=O)NC3=O)C#Cc3ccc(cc3)C3(CC3)C(N)=O)C(=O)c2c1
032b5055e395f2fa9c8329f7e9786da866634b5e,COc1ccc2CN(C[C@]3(NC(=O)NC3=O)C#Cc3ccc(cc3)C(=O)NC3CC3)C(=O)c2c1F
a2b86a1d46159638bea1d704ae81669a3704d0cd,COc1ccc2CN(C[C@]3(NC(=O)NC3=O)C#Cc3cc(F)cc(c3)-c3cnn(C)c3)C(=O)c2c1
8d58cc12125e64f4d471a38a90d2de1aaff6da06,COc1ccc(cc1)-c1nc(C(=O)NC(N)=N)c2c3CCc4ccccc4-n3nc2n1
0c99e2f68d042d86b4706a072b6ec3d6356773a7,COc1ccc2CN(C[C@]3(NC(=O)NC3=O)C#Cc3ccc(cc3)C(=N)NO)C(=O)c2c1
bd1c6d799bd85f345081cf095be7bc2b549c38cf,CN(C)C(=O)c1ccc(cc1)C(=O)Nc1ccc(Oc2ncnc3n(C)c(Br)cc23)cc1
9816147b873e5e14067649a09c7fe38793dc9dec,COc1cccc2c1ncc1c2n(C2CCC(O)CC2)c(=O)n(-c2cccc(c2)C(F)(F)F)c1=O
d0e0cc933b68ca3364f5a1bb5b50730076c468f0,COc1ccc2CN(C[C@]3(NC(=O)NC3=O)C#Cc3ccc(cc3)N3C[C@H](O)NC3=O)C(=O)c2c1
0d6c5d80f4cfaf03e469e4e2635d636432a935b9,COc1ccc2CN(C[C@]3(NC(=O)NC3=O)C#Cc3ccc4nc(C)oc4c3)C(=O)c2c1
d97284be0c1eac80597e220ab66f825407d70d01,COc1ccc2CN(C[C@]3(NC(=O)NC3=O)C#Cc3ccc(cc3)C3(N=N3)C#N)C(=O)c2c1
99f227a6949fa3a9bd8e75658891289d596fd7fd,Cc1ccc(C(=O)Nc2nc3c(O)cccc3c(=O)s2)c(C)c1
f9e41642bb704c1d2b3f84888e6e2e867c9726c0,CN(c1ccc(CN2CCC(CC2)NC(=O)c2cc3c(C)nn(C)c3[nH]2)cc1)S(C)(=O)=O
0e4138ebece34eb933fa2c5dfb3743ceed5eccc8,COc1ccc2CN(C[C@]3(NC(=O)NC3=O)C#Cc3ccc(c(F)c3)-n3cnc(C)c3)C(=O)c2c1
3476fc134aa079c4a93dc037c4341244d2f4fb1b,COc1ccc2CN(C[C@]3(NC(=O)NC3=O)C#Cc3cc(C)c(C)nc3OC)C(=O)c2c1
6541dd352e45c7367bf61d3e252b6bf7a20963a9,CC(C)Oc1cccc(CN(C2CC2)C(=O)c2noc3cc(F)c(F)cc23)c1
94e5aae9dddb03130e0c4d1f8cdbcc6a41921f39,CC(=O)Nc1ccc2ncc(n2n1)S(=O)(=O)N1CCN(CC1)c1ccc(Cl)cc1
06eea6d5077430184c23a19f8594a0f007c23bde,CN1C(=S)NC(Cc2c1ccc1ccccc21)C(=O)Nc1cccc(Cl)c1
824e68465f6785b278014b495eca4cb634417ea8,CC(=O)Nc1cc(ccn1)-c1nnc(SCC(=O)N2CCC(CC2)(C#N)c2ccccc2)n1C
1f9c98d577ab2be0ab80917c4c3639a3d878999a,COc1ccc2CN(C[C@]3(NC(=O)NC3=O)C#Cc3nc(ccc3O)-c3nc(C)cs3)C(=O)c2c1
502464a8580f3dcd8a7d2d71cae123b31bc17d13,COc1ccc2CN(C[C@]3(NC(=O)NC3=O)C#Cc3ccc(cc3)-c3cc[nH]c(=O)c3)C(=O)c2c1
d3281127b8a4415e51af31be77ab83acd8e99577,COc1ccc2CN(C[C@]3(NC(=O)NC3=O)C#Cc3ccc(nc3)N3CCOCC3)C(=O)c2c1F
e789f5fafdb5faf8d2e1e956819b6d8926ac99a5,COc1ccc(cc1)S(=O)(=O)n1cc(C(=O)N[C@H]2CC[C@@H](CC2)C(N)=O)c2ccccc12
0efce6a270dc2fc0591ad5b0069679985c6a0f06,Cc1cc(C)n(Cc2nc(no2)-c2ccccc2C)n1
1d5e56321aed19e4d77bedf4af69f4b409f297db,COc1cc(OC)cc(c1)-c1nc(Nc2cc(OC)c(OC)c(OC)c2)c2ccccc2n1
595328e19634a20fbe57b795a4af35def080dd76,COc1ccc(NC(=O)c2cnc(N3CCNC(=O)C3)c(c2)C#N)c(c1)C(F)(F)F
e41fcc82a5ab09daf9a0b9d0a04896bf944765d9,Cc1cc(C)n(n1)-c1c[nH]c(=S)n1Cc1ccco1
496cc93ef0bb2fbaa2fef7e77256474e72b8b504,COc1ccc2CN(C[C@]3(NC(=O)NC3=O)C#Cc3ccc(cc3)-c3nc(C)no3)C(=O)c2c1
528a9a7cf3708d485bdbf6ece232793299ef64ef,CC(C)Nc1cc(ncc1C(=O)NC1CC[C@@H](CC1)C(C)(C)O)-c1ccc2cc(cnn12)C#N
d83917c5f79b38f59b3666aefe95ca7414d0ffb1,Cc1cccc(c1)N1C(=O)C(Cl)C(=Nc2ccc(cc2)-c2cccc(c2)C(N)=O)C1=O
01026a89dacbe180924eda2dfa5d3f5edd477795,COc1cccc(n1)N(C(=O)c1ccc(OC)cc1)C(=O)CCl
9b06a0b2eca2be8a5db7eb19eab38bdf496e6d0a,Cc1nc(sc1C(=O)N1CCN(CC1)c1cccc(n1)C(F)(F)F)-c1ccc2cc(cnn12)C#N
81c23ec844baf871fa4361dd0465d2704f92ece3,COc1cccc2c1ncc1c2n(C2CCCC2)c(=O)n(-c2cccc(c2)C(O)=O)c1=O
668c696c59e9379651bdae06480a786daca874f8,CC(C)Nc1cc(ncc1C(=O)N[C@@H]1CC[C@H](N)CC1)-c1ccc2cc(cnn12)C#N
e6a371f21bf16892b181128889badac27e88addb,CCOC(=O)c1cc(nn1C)-c1ccc2nc3CC(C)(C)CC(=O)c3c(O)c2c1
6979657669870e60422f1b5b3bb105a1ef45f192,Cc1c(C)c2cc(ccc2nc1C(O)=O)-c1ccc(cc1)S(C)(=O)=O
eb5210b3b4bb8dadefdcc38ebcd221409fb544e1,COc1ccc(cc1)C(=O)N1CCc2c(C1)[nH]nc2C(=O)N1CCN(CC1)c1ccccc1OC
99fa9ee9e7dce69a49c9959bf3ff068f37105632,CC(=O)NC12CC(C1)(C2)Nc1cc(ncc1C(=O)NCC1(O)CC1)-c1ccc2cc(cnn12)C#N
346868cce2effbd061143189a89ddc6ef2cfd560,COc1ccc2CN(C[C@]3(NC(=O)NC3=O)C#Cc3ccc(nc3)-c3cc(N)no3)C(=O)c2c1
1302dde4d4235ec7157fe0d18a9e450d932c8bc2,Cc1cccc(c1)N1C(=O)\C(=C\c2ccc(o2)N2CCOCC2)N=C1c1ccccc1
a2a3180807f9a3cd2bc973756455296b20908c3d,COc1cccc2c1ncc1c2n([C@H]2CC[C@H](O)CC2)c(=O)n(-c2cccc(Cl)c2)c1=O
fe14071019e11b7723085805d8e8f4e010e1b177,COc1ccc(cc1)N1CCN(CC1)S(=O)(=O)c1cnc2ccc(nn12)-c1cccnc1
74f0c88ca42eb15b0bdb89503dc51bf2d96814ac,CC(C)(O)[C@H](F)CNC(=O)c1cnc(cc1N[C@@H]1CCC[C@@H]1O)-c1ccc2cc(cnn12)C#N
41d7b0ceef0272c9ea916d60ae85063603b78d45,Cc1cc(Nc2cc(ncc2C(=O)NC[C@@H](F)C(C)(C)O)-c2ccc3cc(cnn23)C#N)n(C)n1
fd2464ac51eabc90ddb3f6385066fd204198f7b0,COc1ccc2CN(C[C@]3(NC(=O)NC3=O)C#Cc3ccc(CN4CCNCC4)cc3)C(=O)c2c1
0bb8ff04765589451f789711e514cfb6ad8e9e7b,Cc1nc(N)c2c(n1)sc1c2ncn(-c2cccc(c2)C#N)c1=O
37a8d7034b01edf2ff375a5025be9314345c89c5,Cc1ccc(C)c(c1)C(=O)Nc1ccc2C(=O)N(Cc2c1)c1cccc(n1)C(O)=O
7a51059dcd15e7ae7fd40926a7f6ef150520441d,CC(=O)NC1CCCc2c1cnn2-c1cc(ccn1)C#N
230220c3e85135f909fe081cfd41fc7781843add,COc1cccc2c1ncc1c2n([C@@H]2CCOC2)c(=O)n(-c2cccc(Cl)c2)c1=O
7dcab9e8c78e680e2ac7ae93c4d1efd4758ee7ec,Cc1cc(C)n(n1)C(C(=O)NN=Cc1cc(Cl)cc(Cl)c1O)C(=O)OC(C)(C)C
9fc50f99deca19891dbb37c0e84635e86d422926,COc1cccc2c1ncc1c2n(C2CCOCC2)c(=O)n(-c2cccc(Cl)c2)c1=O
3548d40e88efbfa0131d2e3f1a43f91f8dd145fa,Cc1cc(C(=O)CN2C(=O)NC(Cc3c[nH]c4c(Cl)cccc34)C2=O)c(C)n1Cc1ccco1
95742c3c7058d8f38aa67cee04b6ffdc377a1ca0,COc1ccc2CN(C[C@]3(NC(=O)NC3=O)C#Cc3cc(C(=O)N(C)C4CC4)n(C)n3)C(=O)c2c1
717b395e49cb7819f0bc056a5e4cec034846015a,COc1ccc2CN(C[C@]3(NC(=O)NC3=O)C#Cc3ccc4c(c3)n3ccnc3c4C)C(=O)c2c1
d34558758efe00147984d0e6b778cdb60700e671,Cc1ccc(C(=O)Nc2ccccc2-c2nnc[nH]2)c(Cl)c1
c053bc79d7f6bb69319c9803968f61768e28d77a,CC(C)(O)[C@H](F)CNC(=O)c1cnc(cc1NC1CC2(C1)CCC2)-c1ccc2cc(cnn12)C#N
02f646da524fe204c8fb298af0dd7ad87afb2541,COc1ccc(Nc2nc(nc3ccccc23)-c2ccc(F)cc2)cc1
32597bd87b8c06a4a8adf4fb323fcbea1c6298ca,COc1ccc2CN(C[C@]3(NC(=O)NC3=O)C#Cc3ccc4c(CN(C)C)c[nH]c4c3)C(=O)c2c1
21a433abc8bece7bc87e4320c2aefae316f62d4b,Cc1cc(C(=O)CSc2nnc(-c3ccncc3)n2C)c(C)n1-c1ccc(OC(F)F)cc1
bfd66c8038ce89b2f34ce7b6ff6d9ea4c569502e,COC(=O)NC1CCCc2c1cnn2-c1ccccc1C(F)(F)F
13664ec99fc92e5219deff294fb352ed17e28835,CN(C)S(=O)(=O)c1cccc(NC(=O)c2ccc3C(=O)N(Cc4ccc(F)c(Cl)c4)C(=O)c3c2)c1
d22779de40b5d9bc27e69297a2e0064eca6248b9,CC(=O)NC[C@H]1C[C@@H](C1)Nc1cc(ncc1C(=O)NCC#N)-c1ccc2cc(cnn12)C#N
401a1c9e75a8eb684e0442787c4a920706099a5b,CC(C)Nc1cc(ncc1C(=O)N[C@@H]1C[C@H](C)C[C@@H](C1)NC(C)=O)-c1ccc2cc(cnn12)C#N
28d42c6876181f1764cf8c27b4e61ef43942867c,Cc1cc(O)c(O)c(C)c1-c1cc(no1)C(=O)N1CCC[C@H]1c1ccc(F)cc1
d3567d75f9d1719a7cac3e37a2ece597656c92da,Cc1ccc(C)c(c1)C1C2C(=O)CC(C)(C)CC2=NC(=S)N1c1cccnc1
9b88ac048deba7233c07822cd4df17fcbab34054,CC(C)(O)[C@H](F)CNC(=O)c1cnc(cc1NC1CC(C)(C)NC1)-c1ccc2cc(cnn12)C#N
e0f8574bd2d20defa19a02cfe9fd7a0c8aa9eec4,CC(C)(O)[C@H](F)CNC(=O)c1cnc(cc1NC1CC(C)(O)C1)-c1ccc2cc(cnn12)C#N
f5dbdd4afa873209a498f88b9d846607121cdfae,COc1cccc2c1ncc1c2n(C2CC(C)(C)CC(C)(C)C2)c(=O)n(-c2cccc(Cl)c2)c1=O
bc29ac5b3aba587b5aa40be8bf6580e89ca5738d,CC(C)(O)[C@H](F)CNC(=O)c1cnc(cc1NC1C[C@H](F)C1)-c1ccc2cc(cnn12)C#N
cba50186c67b567400211b437f1fffd37d542fcc,Cc1cccc(Nc2cc(ncc2C(=O)NC[C@@H](F)C(C)(C)O)-c2ccc3cc(cnn23)C#N)c1
ebc1c90e3cf39a1c810fdb6b190516e494d9446d,COc1ccc2CN(C[C@]3(NC(=O)NC3=O)C#Cc3cc(C)nc(N)n3)C(=O)c2c1
02c330ee909a4eb21b07688526a44ee93f6678a8,CC(C)(O)[C@H](F)CNC(=O)c1cnc(cc1N[C@@H]1C[C@@H]2CC[C@H]1C2)-c1ccc2cc(cnn12)C#N
f321474037d41b3a246b194d0349f993cdf5de24,CC(=O)c1cc(C(=O)NCCC2(O)CC2)c2ccc(nc2c1)C(C)(C)C
9c64e4bc85d950a9c2a8e94ed8fbca129f196dde,Cc1ccc2ncc(n2n1)-c1ccc(cc1)C1(CCC1)NC(=O)c1cccc2cccnc12
a885796a0a2ee1cf660eb1d0845a64113ff09e97,COc1ccc2CN(C[C@]3(NC(=O)NC3=O)C#Cc3ccc(cc3)-n3cnc(C)n3)C(=O)c2c1
f7c36bd60e6ea691edaaefaa23858efb90d0da0f,CC(C)(O)[C@H](F)CNC(=O)c1cnc(cc1NC1CCC(F)CC1)-c1ccc2cc(cnn12)C#N
c56988941638dd3b5049373f6011e636b6733e3c,COc1cccc(Nc2nc(nc3n(C)ncc23)-c2cccc(C)n2)c1
1345742ba48e7249bd36b21c3c117e6e82295b35,COc1ccc2CN(C[C@]3(NC(=O)NC3=O)C#Cc3cc(F)cc(c3)N3CCNCC3)C(=O)c2c1
02eee1245eacd0bbf5cc119aeba3d84450426074,COc1cc(ccc1Nc1ncc(C#N)c(N[C@H](C)C(C)(C)O)n1)-c1nc(CN(C)C)cs1
c1aee140299e5b53be3cbd70123702b001d9df1d,COc1ccc2CN(C[C@]3(NC(=O)NC3=O)C#Cc3ccc(nc3)-c3cnc(N)nc3)C(=O)c2c1
af7fdc2c0589d572ce55fc7a31a822746ca94bdf,COc1ccc2CN(C[C@]3(NC(=O)NC3=O)C#Cc3ccc(nc3)N3CCN(C)CC3)C(=O)c2c1
2515791963e0e0a483560333353fde092201886a,COc1ccc2CN(C[C@]3(NC(=O)NC3=O)C#Cc3ccc4cc[nH]c(=O)c4n3)C(=O)c2c1
7615bc523911ab55e7f8a623756ec7a3b42c0f1d,Cc1cccc2c1ncc1c2n(C2CCCC2)c(=O)n(-c2ccc3OCCOc3c2)c1=O
43f3057ee300fd46b940c2b7520ec3091955b639,CC(C)Nc1cc(ncc1C(=O)N[C@H]1CC[C@@H](CC1)C(C)(C)O)-c1ccc2cc(cnn12)C#N
19efb07cb73a468fd63400a3208c648f23922dd4,CN1C(=S)N\C(=C\c2c(N)cccc2Br)C1=O
e4a13babf4441c64e64f94a85528c42f02405c9b,COc1ccc(cc1)-n1c(O)c(C=NN=Cc2ccc(O)c(O)c2)sc1=S
f797ed0f044cd98b2445338d2022b2b31c86b5dc,Cc1c(O)ccc2c1oc(cc2=O)-c1ccccc1
ff50ee0e572299affadcdb134f7fdd6f115f9d7a,Cc1cc(C(=O)CN2C(=O)NC3(CCCC3)C2=O)c(C)n1Cc1cccs1
e336f0fd49154738ad9ee157ae07a4843111eedd,COc1ccc2CN(C[C@]3(NC(=O)NC3=O)C#Cc3ccc(cc3)-c3ccc(N)nc3)C(=O)c2c1
36167818d913a103a5b0a2eb4df8be7f519ad7cc,COc1cccc2c1ncc1c2n([C@H]2CCN(C2)C(=O)C(C)C)c(=O)n(-c2cccc(Cl)c2)c1=O
af38e749ef8bf0e031cff75326e997a20bd0c579,CC(C)Nc1cc(ncc1C(=O)N[C@@H]1CCOC[C@@H]1F)-c1ccc2cc(cnn12)C#N
9fff56f9d79bdc6f401f7261be234d2614053fb4,COc1ccc2CN(C[C@]3(NC(=O)NC3=O)C#Cc3ccc4c(N)noc4c3)C(=O)c2c1
b2dc29f234625cafc7301f329231b7b7461daa4b,CC(=O)c1ccc(CSc2nnc(NC(=O)c3ccccc3)s2)cc1
3d68357cbc2e3e0549a26400b0dd2072e4dee1f3,CC(C)Nc1cc(ncc1C(=O)N[C@H]1CCC[C@H](O)C1)-c1ccc2cc(cnn12)C#N
b6c026c889003dd574322766a4b0bb552894ff64,Cc1cccc2c1ncc1c2n(C2CCC(C)(O)CC2)c(=O)n(-c2cccc(Cl)c2)c1=O
bfe42b750f5c79c0004915d6ab9a16f902e9c48f,Cc1cc(Nc2nc(ncc2C(=O)NC[C@@H](F)C(C)(C)O)-c2ccc3cc(cnn23)C#N)n(C)n1
d3d53288545c2365c820f8cc5b9d7ab68eb430b6,COC1CCN(CC1)C(=O)c1ccc2C(=O)N(Cc2c1)c1cccc(n1)-c1nncn1C1CC1
5b91c9a0a273e046c3e9f0f96737aa96b2ef90ec,Cc1ccc(cc1)-c1cc(C(=O)N2CCOCC2)c2ccccc2n1
2ad938bb2142b6833008db2932677e08c2db972e,COc1ccc2CN(C[C@]3(NC(=O)NC3=O)C#Cc3cc(C)ccc3OC(F)F)C(=O)c2c1
f4bf15c0b30759842a81290fc8711a7b76a6da90,COc1cccc2c1ncc1c2n([C@@H]2C[C@H](O)[C@@H](O)[C@H]2O)c(=O)n(-c2cccc(Cl)c2)c1=O
91e5cc0de7521292d1f86430e88fb3d473d38552,CC(C)(O)[C@H](F)CNC(=O)c1cnc(cc1NC1C2CC2C1)-c1ccc2cc(cnn12)C#N
2b530fe45a4ec951f54670f7d21747a372042b01,CC(=O)c1ccc2nc(NC(=O)c3ccc(cc3)S(=O)(=O)N3CCCC3)sc2c1
20bebed58ad9379a335051c74897ed01af5cca53,Cc1cccc(c1)S(=O)(=O)N1CCC[C@H]1CNc1ncnc2n(C)c(c(C)c12)-c1ccc(F)cc1
cfc27318eb93864b542e36a5ce086cad6f703d43,Cc1cc(Nc2nc3c(OC[C@@H]4CC(F)(F)C[C@H]4C(C)(C)O)cccc3s2)cc(C)n1
88111a56d61e3033390ceaad2b1ef32587f6548d,CN(C)c1ncc(cn1)-c1cc2n3[C@H]([C@H]4C[C@H]4c3nc2cc1F)c1ccccc1OC(F)F
d1c84b0fd226116331395c7bfba377b4f524dae6,COc1ccc2CN(C[C@]3(NC(=O)NC3=O)C#Cc3ccc4c(C)n[nH]c4c3)C(=O)c2c1
da4df79eac38f1b6de59b7a07fd6ccab09942cc0,COc1ccc2CN(C[C@]3(NC(=O)NC3=O)C#Cc3ccc(nc3)C(C)(C)O)C(=O)c2c1F
3343987fa515c574094589dde193f28898f3c500,Cc1cc(C)cc(NC(=O)CSc2nnc3ccc(nn23)-c2ccncc2)c1
5aab14c7141e7dac820100e5a57a8ea030e59def,Cc1c(C#N)c(N)nc2sc(C(=O)c3ccc(Cl)cc3)c(N)c12
b0522da367f05c00f2842545133faf5fd2efd907,Cc1ccc(cc1C)-n1nc2ccccc2c1NC1=NN=C(CS1)c1ccccc1
825bec396ff2ef86cb3161ed2426ac1f2ec352df,COc1ccc(cc1OC)C1C2C(C=Cc3ccccc13)N(Cc1ccccc1)C2=O
5c888e6c5ec18e0548536199c960e872d623e2b9,COc1cc(cc(OC)c1OC)C1=Nn2c(SC1)nnc2-c1cccnc1
20c3c441de0fe2b6681a8daab48108358a1c6536,COc1ccc(Nc2nc(N)nc(n2)-c2cc(ccc2O)[N+]([O-])=O)cc1OC
1c5f03f941a58d33cfb294e09bca9aec975aa574,Cc1cc(C=C2SC(Nc3cc(ccn3)-c3cn[nH]c3C)=NC2=O)[nH]n1
38bae053832203c010270e5cd2c1817f54a236e0,CC(C)Nc1cc(ncc1C(=O)N[C@@H]1C[C@H](O)C1)-c1ccc2cc(cnn12)C#N
37e62c834dc61b4f61dcb98ea05ddc9470d5331d,Cc1cc(C(=O)N2CCN(CC2)c2ccccn2)c(C)o1
bf1245e44de88c5860cbe324083e41db4813f55b,COc1cccc2c1ncc1c2n(C2CCC(CC2)C(O)=O)c(=O)n(-c2cccc(Cl)c2)c1=O
93d8f4a925bc919dc21c65617c7c71ee1464a8a4,CN(C)S(=O)(=O)c1cccc(NC(=O)c2ccc3C(=O)N(Cc4ccccc4)C(=O)c3c2)c1
5680dd3b035f8c418f52a9c7dd7918c4febe714a,CC(C)Nc1cc(ncc1C(=O)N[C@H]1CC[C@@H](CC1)NC1COC1)-c1ccc2cc(cnn12)C#N
c8c1cef5b96c13139dbf1f7515da6f582327bf75,COc1ccc2CN(C[C@]3(NC(=O)NC3=O)C#Cc3ccc(nc3)-c3ccc(O)nc3)C(=O)c2c1
722bfd34efc7f79e11f485ce2007bdb64668d4ad,COc1cccc2c1ncc1c2n(C2CCCC2)c(=O)n(-c2cccc(c2)S(C)(=O)=O)c1=O
0fe4b3402d56601a437d14abcaf76ab0b6e71da6,CN(Cc1ccccc1C)C(=O)C(N=Nc1ccc(cc1[N+]([O-])=O)[N+]([O-])=O)c1ccccc1
96ab8426e012d070d73547bf807445ccca849187,Cc1c(O)ccc2c1oc(=O)c1c(C)cc(=O)oc21
9118178e836a6eed55b8f1140ae7b021f37713f5,COc1ccc2CN(C[C@]3(NC(=O)NC3=O)C#Cc3ccc(nc3)C(C)(C)O)C(=O)c2c1
b9575a082d989fb8a445e78ccefd02f6803167c0,COc1ccc2CN(C[C@]3(NC(=O)NC3=O)C#Cc3ccc(cc3)N3CC(O)C3)C(=O)c2c1
d87ae7594b1b58ee655c0bfdb0de6812e9856a42,COc1ccc2CN(C[C@]3(NC(=O)NC3=O)C#Cc3ccc(cc3)-c3nnc(N)[nH]3)C(=O)c2c1
bddd293f241c715a81ac28ecc81bbbe845a6f630,COc1cccc(c1)-c1cc(n[nH]1)C(=O)Nc1cccnc1N1CCCCCC1
d021f1b5d3c2e86c92fc3af1199880796ebb1655,COc1ccc2CN(C[C@]3(NC(=O)NC3=O)C#Cc3ccc(CN(C)C(C)(C)C)cc3)C(=O)c2c1
03bd9a38fe84f27e6bc8794aac721aed69e9b287,CC(C)(O)[C@H](F)CNC(=O)c1cnc(cc1NC1CCC(N)CC1)-c1ccc2cc(cnn12)C#N
56c5a3e5cee5822844a1e0c766eca76c5ef3c427,COc1ccc2CN(C[C@]3(NC(=O)NC3=O)C#Cc3ccc(cc3)C(O)C(F)(F)F)C(=O)c2c1F
f4548807dd126edf6da4da895ac112c6c77f04be,Cc1cccc(NS(=O)(=O)c2ccc3N(CCc3c2)C(=O)c2cccc(F)c2)c1
cc4c10a54393f9e4766366a58af343c3565ee11b,COc1cccc(OC)c1C1CC(=O)NN=C1c1ccc(Cl)cc1
a78717ef1ccbcb26cb8b9380d972769daabe3a87,COc1ccc2CN(C[C@]3(NC(=O)NC3=O)C#Cc3cc(F)c(F)c(N)c3)C(=O)c2c1
5b9d61c54962bdfa150229693ea0a87f69beed1c,CC(C)(O)[C@H](F)CNC(=O)c1cnc(cc1NC1C[C@H]2CC[C@@H]1C2)-c1ccc2cc(cnn12)C#N
454c85e17e627a3e4989e41997f01ab4b8a313b7,CN1C[C@@H](F)C[C@H]1c1cccc(NC(=O)c2cc(F)c(F)cc2F)n1
8b870bfe1bb0809b17773b634db3c6a99ff6ec5a,CCOC(=O)c1nc(NC(=O)c2cccc(c2)N2C(=O)c3ccccc3C2=O)sc1C
78961e3a7ed38908631fd4ea98a0b25ff10ecf0e,CCOC(=O)c1c(NC(=O)c2ccccc2C(F)(F)F)sc2CCCCc12
8698c0e507a17ad5c1f8ab81f9bdd2335c8a4511,COc1ccc2CN(C[C@]3(NC(=O)NC3=O)C#Cc3ccc(cc3)-c3cnc(C)nc3)C(=O)c2c1
ab379c2786c82e7c7ce2c2c3fffe9b094169137d,COc1ccc2CN(C[C@]3(NC(=O)NC3=O)C#Cc3ccc4c(c3)[nH]c(=O)[nH]c4=O)C(=O)c2c1
3573bd8e2bfdd2b4cb77e7b73e0984e5d9dc5c56,Cc1cc(C(=O)CSc2nc3ccccc3n2-c2ccc(C)cc2)c(C)n1C
ccd049c679c0d22bf76637010147f204ff0ff1ea,CCOC(=O)C1=C(N=C(C)C(C1c1ccccc1)C(=O)OC)c1ccccc1
3acf7d8c8926bb732f39b4994dfac5fa2885ed7d,Cc1cc(C(=O)CN2C(=O)c3ccccc3C2=O)c(C)n1-c1cc(N)ccc1C
b3828194ff686e1538fde5e4aa6acd143f5756de,CC(C)(O)[C@H](F)CNC(=O)c1cnc(cc1Nc1cccc(F)n1)-c1ccc2cc(cnn12)C#N
09cb9b5ddd919898c2a1b5639cfe87f1998e45da,COc1ccc2CN(C[C@]3(NC(=O)NC3=O)C#Cc3ccc(cc3)-c3cnc(N)nc3)C(=O)c2c1
33507cc82ca6e51c72791381466ad2c865e1c71f,Cc1cccc(NC(=O)CSc2nnc3c(n2)[nH]c2ccccc32)c1
9c88dfdf59118d0a85fef307ebaec30414322558,CC(C)(O)[C@H](F)CNC(=O)c1cnc(cc1N[C@@H]1CCOC[C@@H]1F)-c1ccc2cc(cnn12)C#N
1837f5f276ef498dc4a51c03af6e402ac65ad298,CC(C)(O)[C@H](F)CNC(=O)c1cnc(cc1NC1CC(C1)C#N)-c1ccc2cc(cnn12)C#N
4d3143207b6660308e68b8bd803a8c44ff909fcd,Cc1ccc(NC(=O)c2cccc(c2)S(=O)(=O)N2CCc3ccccc23)cc1C
e0f9d769f73dea256279d47044c4afeaf834330a,COc1cc(ccc1O)-c1oc2cc(O)cc(O)c2c(=O)c1O
e4317fd6e6522550cf48db1ed65d3d15d28ec964,Cc1ccc2nc(NC(=O)c3ccccc3C)sc2c1
8184401fea2f1162260de9833e711b901333aec6,CC(C)(O)[C@H](F)CNC(=O)c1cnc(cc1NC1CC2CCC1C2)-c1ccc2cc(cnn12)C#N
1d938554c8bdb705c24d2c1e184b453c27953aa9,COc1ccc2CN(C[C@]3(NC(=O)NC3=O)C#Cc3ccc(c(F)c3)-c3nc(N)no3)C(=O)c2c1
a97cf70ada5e639b75677a7b4401dac5e6a9fc97,COc1cccc2c1ncc1c2n(C2CCC(CC2)C(C)(C)O)c(=O)n(-c2cccc(C)c2)c1=O
732e681e27dc7811d2606300639fe01e9e5b7ed5,COc1ccc2CN(C[C@]3(NC(=O)NC3=O)C#Cc3cnc(nc3)N3C[C@H](O)[C@H](O)C3)C(=O)c2c1
ad80c5d8d69c275e4cf0730b652e2dea36bb5705,Cc1nc(C(=O)N2CCCC2)c(s1)S(=O)(=O)N1CCN(CC1)c1ccccc1
64c2d70c2f8b946419c8bfa206520725f40bf505,CC(C)(O)[C@H](F)CNC(=O)c1cnc(cc1N[C@H]1C[C@@H](C1)C(F)F)-c1ccc2cc(cnn12)C#N
d80af3cff7043366b2b69d61a0b818c24a75be5c,CC(C)(O)[C@H](F)CNC(=O)c1cnc(cc1NC1C[C@H]2CC[C@@H]1O2)-c1ccc2cc(cnn12)C#N
9472505e2b57757ec517803cb8a2c8c713c57c54,COc1cccc2c1ncc1c2n([C@@H]2CC[C@@H](CC2)C(O)=O)c(=O)n(-c2cccc(Cl)c2)c1=O
f2350e1be55ad538659511d198533d0730d82f50,COc1cc(cc(OC)c1OC)-c1nc(Nc2cccc(c2)C(N)=O)sc1C(C)=O
2f5d9b915c902564120d948226ab8b20891e9a43,Cc1nc2cc(Cl)ccc2nc1S(=O)(=O)N1CCN(CC1)c1ccc(Cl)cc1
77218f85d901fc13e344b2ee33b8f8567fba645d,COc1cccc(c1)N(C(C(=O)NC1CCCC1)c1cccs1)C(=O)CCl
1ce2f7649b44a54213f1ced855dc82139cdf91ec,CC(C)(O)[C@H](F)CNC(=O)c1cnc(cc1N[C@@H]1CCC[C@H]1O)-c1ccc2cc(cnn12)C#N
1292881f6dae483c20abc596508cbcdf0a6f02a5,CC(C)Nc1cc(ncc1C(=O)N[C@@H]1CCNC1)-c1ccc2cc(cnn12)C#N
8214f73e9abd52837c450493e96a34869e01c075,Cc1ccc(NC(=O)CSc2nnc3c(n2)[nH]c2ccc(Cl)cc32)cc1S(=O)(=O)N1CCOCC1
257c702319968e969d32a9a552e02eaa840514bf,COc1ccc(cn1)-c1ccc2nc3CCCN(c3n2c1)c1cc(C)ccc1C
207b7b3c6939a93d751f91d543f396e5410aa6fb,COc1ccc2CN(C[C@]3(NC(=O)NC3=O)C#Cc3ccc(cc3)-c3ccc(O)nc3)C(=O)c2c1
0bed03eb66f5efda17ee4eb5c862735c45f865fb,CC(=O)Nc1ccc2ncnc(Nc3cccc(c3)-c3ccccc3)c2c1
2294c79380dba525f0c5bd63d985ec473b368e5c,CC(=O)Nc1cc(ccn1)-c1ccc2ncc(n2c1)-c1cc(Cl)ccc1C(F)F
fae6cae1e64d721b78019c76f13d8d8b17338a0e,Cc1ccc(o1)-c1nc(Nc2ccccc2)sc1-c1ccccc1
63df5e6a09601dc34594821b5aa89e5cddb2b35a,COc1ccc(cc1)-c1ccc2ncnc(N3CCC(CC3)NC(=O)C3(CC3)C(F)(F)F)c2c1
7f8843264eefeaf21a1562f89426bfdc4175c3a8,Cc1c(O)c(O)c2oc(cc2c1C=O)-c1ccccc1
0ffc9b194ed281b92de8275b00958eea190a13a4,Cc1cccc(c1)-n1c(SCC(=O)Nc2ccccc2)nc2ccccc2c1=O
0b598314f5a41ab861696c4773e17ffcfa22b568,CC(C)(O)[C@H](F)CNC(=O)c1cnc(cc1N[C@@H]1CC[C@H](O)CC1)-c1ccc2cc(cnn12)C#N
93495252f62f6f047588a5deb342e2ab3bb6c89a,CN(C)C(=O)c1cccc(NC(=O)c2ccc(CNC(=O)c3cccc(c3)[N+]([O-])=O)cc2)c1
d574917928cb0c1229cc8618db1e970febf5571e,COc1ccc(cc1)-c1cc(=O)c2c(O)cc(O)cc2o1
b33ad99bcf9cc0a2ab4af992fa3317f737884685,Cc1ccc2C(=O)N(Cc3ccccc3-c3ccc(o3)C(O)=O)C(=O)c2c1
7ffc28dc1fac4e72025ca8621a5e894def990dee,Cc1ccc(C(=O)Nc2nc3ccccc3n3c2nn(-c2ccccc2)c3=O)c(C)c1
e00685d0d2dd5e6e0f838f1849a3af94fb660c1c,CC(=O)Nc1cc(ccn1)-c1ccc2C(=O)N(Cc2c1)c1cccc(n1)-c1nncn1C1CC1
59d8a2c58eaa1ef3de6820573a63e57be50a9cad,COc1ccc2CN(C[C@]3(NC(=O)NC3=O)C#Cc3ccc4c(C)n(C)nc4c3)C(=O)c2c1F
59d47107e3cdda71cea1e7b94424d3af1b122aca,CC(C)(O)[C@H](F)CNC(=O)c1cnc(cc1NC1CC(C)(C)C1)-c1ccc2cc(cnn12)C#N
91d3e2c8c77b56deb1c4d6864fc51fbffa313976,Cc1ccc(cc1)-n1c(N)c(sc1=S)C(=O)Nc1nc(cs1)C(O)=O
9faa26fde9c95981fe949c402d5b78154dc62d11,COc1ccc2CN(C[C@]3(NC(=O)NC3=O)C#Cc3ccc(cc3)C(C)(C)N)C(=O)c2c1
f6a68af56cf542a008da859844ede1dde562d542,CN(C)C(=O)CNC(=O)c1cnc(cc1N[C@@H]1C[C@H]2CC[C@@H]1O2)-c1ccc2cc(cnn12)C#N
25042e687e64baaa6b0e223e8090a14d30e09731,COc1cc(OC)c(c(OC)c1)S(=O)(=O)N1CCN(CC(=O)Nc2ccccc2C)C(=O)C1
b2a2dcb65e12a72aea87e963e21019ea90f60d1e,COc1cc(ccc1-c1ccc2nc(oc2c1)-c1cccc(c1)C(O)=O)[N+]([O-])=O
e490f5e64eeb47bbf0b992eb626b1ca79fe6c0a1,COc1ccc(cc1)C1CC(=NN1c1ccc(cc1)S(N)(=O)=O)c1ccccc1O
5ad4fb10d476ad02b8baa2d85bf852912d961b6f,Cc1ccc(Nc2cc(ncc2C(=O)NC[C@@H](F)C(C)(C)O)-c2ccc3cc(cnn23)C#N)cc1
0cc01a6faea3e51fe6c77fac37603d51712bdcf2,Cc1cccc(n1)-c1cc(N)n(n1)-c1cc(N)ccc1Cl
a9ecd2086eebf1faf6265e9d3ec9030189dfb3f6,CC(=O)N1CCc2c(C1)sc(NC(=O)c1cccc(NS(=O)(=O)c3ccccc3C)c1)c2C(N)=O
4718456ee58c8aa3a8428addfbf26b8ce2138958,COc1ccc2CN(C[C@]3(NC(=O)NC3=O)C#Cc3ccc(nc3)N3CC[C@@H](O)C3)C(=O)c2c1F
c197c4cbc90c7aec63ec24bc18b1fe5c581b7733,COc1cccc2c1ncc1c2n([C@@H]2CCN(C2)S(C)(=O)=O)c(=O)n(-c2cccc(Cl)c2)c1=O
2f4d73a490ac4b99453bcdf0f232a907e42624ec,Cc1ccc(C(=O)Nc2ccc(CN3CCc4ccccc4C3)cc2)c(C)c1
15861c7f425fd4a40b62785150f77f5bcc1d74f2,COc1ccc2CN(C[C@]3(NC(=O)NC3=O)C#Cc3ccc(nc3)C(C)(C)C)C(=O)c2c1
c83d4fc5fc990bbf45599590cfb83fd04c57a25c,Cc1ccc(cc1)C1(CC1)Nc1ncnc2ccc(cc12)-c1ccc(CO)o1
79dd75fec1c848590a99f57666a5c1fd9a08e968,COc1ccc2CN(C[C@]3(NC(=O)NC3=O)C#Cc3ccc(cc3)C(O)(CN)C3CC3)C(=O)c2c1
2d8aa45aa4c7993f764c50006bb102f87d10b0c4,CC(C)(O)[C@H](F)CNC(=O)c1cnc(cc1NC1CC(C1)C(N)=O)-c1ccc2cc(cnn12)C#N
1c8d7a343ef983f1bff349dff71b5fb2bcf4e7f6,Cc1cccc2c1ncc1c2n(C2CCOC2)c(=O)n(-c2cccc(Cl)c2)c1=O
49073781a445ed260b9265cf2b9bd27ad8524667,CCOC(=O)CCCn1c2ccccc2c(O)c(C(=O)Nc2ccccn2)c1=O
9e062844acecb7788af790328577538965306db0,COc1cc(cc(OC)c1OC)-c1cc(C(=O)NC2CCN(C)CC2)c2ccccc2n1
413de886be510330ffc6467813308472385acacc,COc1ccc(cc1)C(Nc1nc(nc2ccccc12)-c1ccc(OC)cc1)C1CCCO1
c0e3fa63ae286496caa01938e348bbe67ef8ddc5,Cc1ccc(cc1)-n1c(N)c(sc1=S)C(=O)N1CCN(Cc2ccccc2)CC1
1c953d95c374fb2b38122955c0a7dda3167008ad,Cc1ccc(C)c(c1)-c1ccc(Nc2nc3ccccc3n2-c2ccccc2)cc1
55b6e1919d05ccc4cc16978d89c4703946d1a018,COc1cc(NC(=O)c2cc(on2)C(C)(C)C)c(Cl)cc1C(=O)N1CCC(CC1)C(C)(C)O
522c9fe34c901001b956d8e346b1bd5da37f536b,CN(C)C1CCN(CC1)S(=O)(=O)c1ccc2NC(=O)C(=NNc3ccc(cc3)S(N)(=O)=O)c2c1
716e2e7756d7b0e10f5aeee4cfcd07c7d05a6f5b,COc1ccc2CN(C[C@]3(NC(=O)NC3=O)C#Cc3ccc(nc3)-c3cccc(O)c3)C(=O)c2c1
b0b361b390ef7178dbe4362eebc12a2f79d6fae3,COc1ccc2CN(C[C@]3(NC(=O)NC3=O)C#Cc3ccc(nc3)N3CC(C)(O)C3)C(=O)c2c1
3ef2b761337ad41c57252f1fde1fbc3308df3c1f,Cc1cc(NC(=O)c2ccc(F)cc2)cc(c1)C(=O)Nc1nc2ccccc2[nH]1
e123286d87967ba5f1bfea31968c51c606277f12,CC(C)(O)[C@H](F)CNC(=O)c1cnc(cc1NC1CCC(=O)NC1)-c1ccc2cc(cnn12)C#N
c9839bf7aec4a85223551069253a5061e28cfadd,CN1C(=O)C(C(=O)Nc2ccccc2Br)c2ccccc2C1=O
9168737904c8fa01bf0de5f3f46f869220de580a,Cc1cccc(c1)-c1ccc2ncc(n2n1)S(=O)(=O)N1CCC(CC1)(C#N)c1ccccc1
db2b2d7e8ffabd46339f8a1c7f576bd590a8bfb9,Cc1cc(NC(=O)CSc2nc3ccccc3c(=O)n2-c2ccccc2)no1
2b941594d9e5d4336fd2cf686e96874a6571d8b8,COc1cccc2c1ncc1c2n(C2CCC(CC2)C(N)=O)c(=O)n(-c2cccc(Cl)c2)c1=O
7fb9c47eb6b40af30f96df3360c62f440f04b340,COc1ccc(cc1)-c1nc(NC(=O)c2cccnc2)sc1-c1ccc(OC)cc1
f2d8cec611b33833ab36140b42c9a3d5ccd6ade8,CC(=O)N1CC(C1)Nc1cc(ncc1C(=O)NC[C@@H](F)C(C)(C)O)-c1ccc2cc(cnn12)C#N
661b9d48daedb9d1ff8841f9a02c5b13d0bda4dc,COc1ccc2CN(C[C@]3(NC(=O)NC3=O)C#Cc3ccc(cc3)C(=O)NC(C)C)C(=O)c2c1
11455bb92c9da92196567231d12dcd1847ffc00a,COc1ccc2CN(C[C@]3(NC(=O)NC3=O)C#Cc3ccc4c(c3)[nH]c(=O)cc4C)C(=O)c2c1
c187d5c84964769f272ee30d684d8a7f1268174c,COc1ccc2CN(C[C@]3(NC(=O)NC3=O)C#Cc3cnc(N)nc3)C(=O)c2c1
42c47870f9ad0b87e53495fa67b8741be2734d62,Cc1ccc(C)c(c1)C1CC(=NN1C(=O)CN1CCN(CC1)C(=O)C1CC1)c1ccc(Br)cc1
6bcc69346970477b1ddb6d1749dfbedf0b9cdd87,COc1ccc(Nc2ncc(c(n2)N(C)c2cccc(c2)-c2ccc(F)c(F)c2)C(F)(F)F)cc1
4692e3e64d7908b98c49cd0427bbc4031f6f6856,COc1ccc2CN(C[C@]3(NC(=O)NC3=O)C#Cc3ccc(cc3)C(=O)N(C)C)C(=O)c2c1
61c282eb9f5b71651ecfadb9cab844c2e011ff52,CC(=O)c1c(C)nc2sc(C(=O)c3ccc(F)cc3)c(N)c2c1-c1ccc(F)cc1
e161e02ba1ec5c08ea4e7f2ecbad97f2627df24e,CC(C)(O)[C@H](F)CNC(=O)c1cnc(cc1N[C@@H]1C[C@H]2CC[C@@H]1O2)-c1ccc2cc(cnn12)C#N
9b14dbb9aa55100a08fe08c7a7a6f80a9af41abc,COc1cccc2c1ncc1c2n(C2CCC(CC2)NC(C)=O)c(=O)n(-c2cccc(C)c2)c1=O
fcbc0a343c96447abcbf29d7b3c51cc7f4f322b5,CC(C)(O)[C@H](F)CNC(=O)c1cnc(cc1N[C@H]1CCC[C@@H](N)C1)-c1ccc2cc(cnn12)C#N
db4bdf8b1f66c6a44bb9c4363a437b8688959ece,COc1ccc2CN(C[C@]3(NC(=O)NC3=O)C#Cc3ccc(cc3)-c3nc(C)sc3C)C(=O)c2c1
0c9515fdaf25f7cdc4b21849efbbb1259a9f2808,COc1cccc(CN(C(=O)C2CC2)c2ccc(cc2)-c2ccc3nc(cnn23)C(F)(F)F)c1
825e6f230a654c2576588eda5b5a26f45520941b,Cc1cccc(n1)-c1ncc(Cl)c(Nc2cc(N)cc(c2)C(F)(F)F)n1
a2da063ae92f77a116998b23e74a28c24f77853d,CC(C)(O)[C@H](F)CNC(=O)c1cnc(cc1N[C@@H]1CC[C@@H](O)C1)-c1ccc2cc(cnn12)C#N
5a2da212d8217b3b54d84e9539726b941e277da8,COc1ccc(NC(=O)c2ccc(C)c(c2)[N+]([O-])=O)cc1N1CCN(C)CC1
6e3702dfaa3c5a0e866676befed690cdd42e5b3a,Cc1ccc(NC(=O)CSc2nc(nc3n(ncc23)-c2ccccc2)N2CCOCC2)cc1
7f7391f23fe71b3fd36d938920e65780d7590897,CN(c1ccccc1)S(=O)(=O)c1ccc(cc1)-c1cccc2cccnc12
a9d911f2ead0900e8641e63f6c5ebf90617dc700,COc1ccc2CN(C[C@]3(NC(=O)NC3=O)C#Cc3ccc(cc3)-n3ccnc3)C(=O)c2c1
1f94331c7cda22335ac92c6bbed2823dd3c51a0e,COc1ccc2CN(C[C@]3(NC(=O)NC3=O)C#Cc3cnc4[nH]cc(C)c4c3)C(=O)c2c1
315b7e1d0916478a4a006c0a243828ee027ad488,COc1ccc2CN(C[C@]3(NC(=O)NC3=O)C#Cc3ccc(cc3)-c3nnc(C)o3)C(=O)c2c1
11bbf2ce3474901531f71528cd8c9fe317a1227c,COc1ccc2CN(C[C@]3(NC(=O)NC3=O)C#Cc3ccc(cc3)N3CC[C@@H](O)C3)C(=O)c2c1F
ec3692a78d0e2572f112c791924ca362d3e2665a,Cc1cccc2c1ncc1c2n(C2CCCC2)c(=O)n(-c2ccc(cc2)C(C)(C)O)c1=O
9e6a44506bca53d9853692c3fd73cd5980638d7f,Cc1ccc(C)c(c1)N1CCN(CC1)c1ncnc2n(ccc12)-c1ccccc1
89434d4a2a56374055ef4a62e4c2612d5b2a0b4b,COc1cccc2c1ncc1c2n(C2CCCC2)c(=O)n(-c2cccc(c2)C(F)(F)F)c1=O
5eca6986a6ed18c73826e8ac73d8f03bc9395801,COc1ccc2CN(C[C@]3(NC(=O)NC3=O)C#Cc3nc(ccc3OC)C(F)F)C(=O)c2c1F
83158969c7184b409f879fea2acc4696f93637b7,Cc1cc(O)ccc1-c1cc2nc(nc(N)c2[nH]1)-c1cccc(O)c1
68fd9f2327dc01e8daa426fd002448dedfe40438,Cc1ccc(C(=O)Nc2ccc(Oc3ccccc3)cc2)c(Cl)c1
26a3d2f02d8854f6472c920a453aa8068cdc152b,COc1ccc(cc1OC)-c1ccc2ncnc(N[C@H]3CC[C@@H](CC3)N3CCOCC3)c2c1
aa4b20fd9a7bd5fe7c898e5655f64b7ac4ce2c43,CN1Cc2cccc(C(=O)N3CCN(CC3)c3cccc(n3)-c3ccc4nc(C)[nH]c4c3)c2C1=O
0036aeccf3a3fa5a8ed67e7fbdc7df214306eefb,CN1C[C@H]2O[C@]2(C1)c1cc(NC(=O)c2ccc(F)c(n2)C#N)cc(F)c1C
11c4b06f8da97753018947e477ea6f0bd38c64a1,COc1ccc2CN(C[C@]3(NC(=O)NC3=O)C#Cc3ccc(cc3)C(O)=O)C(=O)c2c1
2be3e82e4aa4466935cb31e107efcab5501f35dc,CCOC(=O)CCCn1c(C)c(C(=O)COC(=O)c2ccc(C)cc2)c2ccccc12
b61b86fb6d9523a55f90c79708dbf703a144936d,CN(Cc1cn(C)c2ccc(OC(F)(F)F)cc12)C(=O)c1cc(C)nn1-c1cccc(C)c1C
54f0ff63562b5896960816bb94736d4fde8af98a,CC(C)(O)[C@H](F)CNC(=O)c1cnc(cc1Nc1ccc(F)cn1)-c1ccc2cc(cnn12)C#N
4a3fc2ce638f5ca96c50054138f5d009e225dbfe,Cc1cc(C(=O)COC(=O)C2CCN(CC2)S(=O)(=O)c2ccccc2)c(C)n1Cc1cccs1
94b43d0ca80a7a09fd132e2e5669feb8eb6a1afe,CN(C)S(=O)(=O)c1ccc(cc1)-c1ccc2nc3CCC(c4ccccc4OC(F)F)n3c2n1
b65a7507b52dde2cc3aa86b192c8d12a2ece63ee,Cc1cc(C(=O)N2CCN(CC2)c2ccc(cc2F)C(C)(C)O)c(C)s1
f12ff32789703f3426d9e90e3cdd6ea2bebd3ad9,Cc1nc(C(=O)N2CCN(CC2)c2ccc(F)cc2)c(s1)C(=O)c1ccc(C)cc1
eb2802e57be0611305352cef22aee537559d4ed9,Cc1cc(C(=O)NC2CC2)c(C)n1Cc1cc2ccccc2cc1-c1cccc(c1)S(C)(=O)=O
ed770142ba7da5c80efb2883edc984978c69ece1,COc1ccc(cc1)C(=O)C1C(N(Cc2ccco2)C(=O)C1=O)c1cccs1
746aa9e413ef78d278e73d8bc9b43bfe0ee249d5,COc1cc2nc(nc(N)c2cc1OC)N1CCN(CC1)C(=O)c1ccco1
b3fdbed03b97d8c0a308e910a7ce41df555cdb75,COc1ccc2CN(C[C@]3(NC(=O)NC3=O)C#Cc3ccc(cc3)-c3cnc(N)cc3)C(=O)c2c1
087838062a06749d677d02a2642f343ca32bdfb9,Cc1cc(C(=O)CCl)c(C)n1-c1ccccc1
f4e2d980fb8d2bb8ba2445543aefaed1066c6e96,COc1cccc2c1ncc1c2n([C@@H]2CCNC2)c(=O)n(-c2cccc(c2)C(F)(F)F)c1=O
572aefb9ccc4e8566f7e5666781da47c6ef889d7,COc1ccc2CN(C[C@]3(NC(=O)NC3=O)C#Cc3ccc4c(C)nn(C)c4c3)C(=O)c2c1
21bf689be98598032a0270c5dcf756eee02506e0,COc1ccc2CN(C[C@]3(NC(=O)NC3=O)C#Cc3ccc(cc3)-n3cnc(C)c3)C(=O)c2c1
e503e7cae5f782d18e5fd2d1085aff4950f5af6d,COc1ccc(Nc2nc(nc3ccccc23)-c2cccnc2)cc1
b0745f1a7b1b2ac4488a062ee267d57c11cb43a2,CC(C)(O)[C@H](F)CNC(=O)c1cnc(cc1N[C@@H]1C[C@H](CO)C1)-c1ccc2cc(cnn12)C#N
f9ba0065ecc23119811f2f30350c78697e575517,CN(C)c1ccc(NC(=O)c2cc(cnc2N)-c2ccc(cc2)C#N)cc1
e016d92567754f837cadf72c7dfd263a3cf28bb5,COc1cccc2c1ncc1c2n(C2CCCC2)c(=O)n(-c2ccc(Cl)cc2)c1=O
4db5b84ee7c97e3e8a1a1dd9d3f3361c888c70d8,COc1ccc2CN(C[C@]3(NC(=O)NC3=O)C#Cc3ccc(cc3)N3CCNC3=O)C(=O)c2c1
99617191872400662d6c8b6ed7e641a884c7af17,CC(C)(O)[C@H](F)CNC(=O)c1cnc(cc1NC1(CC1)C(F)F)-c1ccc2cc(cnn12)C#N
ff490b08bbf539679e66bc199ab62d4f4c35ae46,COc1ccc2CN(C[C@]3(NC(=O)NC3=O)C#Cc3cc(C)c4ccccc4n3)C(=O)c2c1
a84cd451fc6c382591f2b0fb1ad93d8be18ee08e,COc1ccc(cn1)-c1ccc2ncc(n2n1)S(=O)(=O)N1CCN(CC1)c1ccc(Cl)c(F)c1
fe7172428d4e11264b83d2e0efce3c77bdeda152,COc1ccc(cc1)C1(NC(=O)NC1=O)c1ccc(CN2CCc3cc(Cl)ccc3C2)cc1
5e7b645c7a1fc91f114cd1a44bda21acdfec4e6c,COc1ccc(cc1)-c1cc2nc3CCCN(c3n2n1)c1cccc(Cl)c1
cb06ea9daee7ff8ab6b558dfea406f2f50d223ca,COc1ccc(cc1)-c1nnc(NC(=O)c2ccccc2)s1
e798ed0eef0d8ad86ba33f6abebe8f8d6f53858b,COc1cccc2c1ncc1c2n(C2CCC(=O)CC2)c(=O)n(-c2cccc(Cl)c2)c1=O
a85a184484e904ff65abb28f25488c7bfa6ad6d9,COc1ccc2CN(C[C@]3(NC(=O)NC3=O)C#Cc3ccc(CN4CCOCC4)cc3)C(=O)c2c1
8110defd6e3705fca842a2a3fa1cab44028a7f37,COc1ccc2CN(C[C@]3(NC(=O)NC3=O)C#Cc3ccc(cc3)C(C)(C)N(C)C)C(=O)c2c1
ce4067649b6fc7159f09167412a4c93dffd05145,Cc1ccc(NC(=O)CN2CCC(CC2)c2cc3cc(ccc3o2)C#N)cc1C
a71cd047984c89d625a3dca7288ada9f22124939,Cc1cc(C(=O)NC2CCCc3c2cnn3-c2ccc(cc2)C#N)c(C)n1-c1ccc(C)c(C)c1
7b92c03dba128352eb911ef9381b8c5877c1d602,CC(C)(O)[C@H](F)CNC(=O)c1cnc(cc1NC1CCC(C)(O)C1)-c1ccc2cc(cnn12)C#N
28b4f607ef2ed7669749359cf5ad0931864f3f55,COc1cc2CCN(C(=O)Cc3ccc(cc3)-c3ccc(OC)c(NC(C)=O)c3)c2cc1OC
88ac60ea101110a6e2b80248689476bda0567db9,COc1ccc2CN(C[C@]3(NC(=O)NC3=O)C#Cc3cnc(N)cc3)C(=O)c2c1
a66170b7b0c96195b3deeb2205a7ba002d8a88b4,COc1ccc(CNC(=O)c2cnc(cc2NC(C)C)-c2ccc3cc(cnn23)C#N)cc1
99ed1617212d75150d75b98d549c50630fad7baa,Cc1ccc(C(=O)Nc2nc3ccc(cn3n2)-c2cncc(c2)S(C)(=O)=O)c(C)c1
e6ab6bde688fdf2fa7f4f7b4852fef6a573b267b,Cc1c(CN2CCOCC2)c(=O)n(-c2cccc(Cl)c2)n1C(=O)c1cccc(NC(=O)C2CC2)c1
e763726ede893e6879d7e6a5c285adfb35f314a7,Cc1cccc(c1)-c1ccc2nc3CCCN(c3n2n1)c1ccccc1
f97c16dd9a241163f960c9cb2af1bad73eaf3a16,CC(C)(O)[C@H](F)CNC(=O)c1cnc(cc1NC1CC(CO)C1)-c1ccc2cc(cnn12)C#N
b29f7a52b1b020b7dbccdac53e1ba20448e90600,COc1ccc2CN(C[C@]3(NC(=O)NC3=O)C#Cc3nc(ccc3O)-c3ccncc3)C(=O)c2c1
a2ccff1b611dfa22736a5b400ef545a90980efe3,COc1ccc2CN(C[C@]3(NC(=O)NC3=O)C#Cc3ccc(cc3)C(C)(C)N=O)C(=O)c2c1
fee1c2687e93b472c9dfeb3518171ae456c75293,Cc1ccc(Nc2nc3ccccc3c(=O)[nH]2)cc1C
24b5af7f57a74d6d6163860a97c24484716f3d04,COc1ccc2CN(C[C@]3(NC(=O)NC3=O)C#Cc3cnc(nc3)N3CCN(C)CC3)C(=O)c2c1
df08218f537989649295cfc94e672d96040db114,Cc1cccc2c1ncc1c2n(C2CCOCC2)c(=O)n(-c2cccc(Cl)c2)c1=O
4b81e19cdb122ce08ab5cccec146553dc6035290,COc1ccc2CN(C[C@]3(NC(=O)NC3=O)C#Cc3ccc(cc3)C3(O)CCNCC3)C(=O)c2c1
7bed5fa1ee4258abf76a2566b6a97ae3c4724315,Cc1ccc(cc1)-c1cc(NC(=O)C2CC(=NO2)c2cccc(F)c2)n(n1)-c1ccccc1
200c552859dc46656e6e0bb2085432f25fa885a5,Cc1cc(C)nc(SCC(=O)Nc2nc(cs2)-c2ccccc2)n1
a3e84e65933217cbf29cd0fbd7cd42a9f5095e46,Cc1c(C)c2cccc(C(N)=O)c2oc1=OCC
a00de24446a345dd1dddced0995f3163bcd0cbc9,CC(C)(O)[C@H](F)CNC(=O)c1cnc(cc1N[C@H]1CCC(C)(O)C1)-c1ccc2cc(cnn12)C#N
8e5591fa549d3b16d39ccfdce5eb61d8a890c4ce,Cc1ccc2CN(C[C@]3(NC(=O)NC3=O)C#Cc3ccc(cc3)C3(N=N3)C(F)(F)F)C(=O)c2c1F
5af69278f8c412b03f9cc63e0425f2e3b8a8bb1c,Cc1c(O)c(O)c2C(=O)C[C@H](Oc2c1C)c1ccc(O)c(O)c1
cb9e5657385f65a9445929f15e468ba38bcf2547,COc1ccc2CN(C[C@]3(NC(=O)NC3=O)C#Cc3ccc(cc3)-c3ccc(CN)s3)C(=O)c2c1
71b7cbcd15ff9ac75f5cbaae383dfe128f9fad38,COc1ccc2CN(C[C@]3(NC(=O)NC3=O)C#Cc3ccc(cc3)C3(N=N3)C#N)C(=O)c2c1F
c2f3f68adf8020e5609365062b886ed2a743938b,Cc1cc(C=NNC(=O)c2ccc(Br)cc2)c(C)n1-c1ccccc1
cb156c586f48e0434572967559895b36da44fa44,Cc1cc(C(=O)N2CCC(CC2)N2Cc3ccc(C)cc3NC2=O)n(C)n1
a3886103525943799dcd4430c77b33d168299906,COc1ccc2CN(C[C@]3(NC(=O)NC3=O)C#Cc3ccc(cc3)C(=O)NC3CC3)C(=O)c2c1
ae07cbaa03a1ad66abdb699010e515a465e04ea0,CN1C(=O)N\C(=C\c2c[nH]c3ccccc23)C1=O
cf3c235f5f464d88d4b5007f6512fbd90683ce45,CC(C)(O)[C@H](F)CNC(=O)c1cnc(cc1NC1(C)CC1)-c1ccc2cc(cnn12)C#N
851ca78ce0550a08d0f523269794ac65d53f6e72,COc1ccc(cc1OC)-c1cc2nc3[nH]c(Br)cc3c(=O)n2[nH]1
2f3820969d1c8e7472baa256b168dfab07cae83c,COc1ccc2CN(C[C@]3(NC(=O)NC3=O)C#Cc3ccc(cc3)C3=NC(C)(C)CN3)C(=O)c2c1
07035679d6b44aa586fa59d1032c3593fea64847,COc1ccc2CN(C[C@]3(NC(=O)NC3=O)C#Cc3ccc4c(N)[nH]c(C)c4c3)C(=O)c2c1
3fd86a6dd3bc9a1880724284151f3d195a215c0f,COc1ccc2CN(C[C@]3(NC(=O)NC3=O)C#Cc3ccc(cc3)C3(C)N=N3)C(=O)c2c1
21bc584d080ea3d98934e27690c366c87f5871c1,CC(=O)c1cccc(Nc2nc3ccccc3n2-c2nc(N)nc(N)n2)c1
2538d8a0163ad0aed8bdafd0d3588ce0867a322d,CC(=O)Nc1ccc2ncnc(Nc3ccc(F)c(c3)[N+]([O-])=O)c2c1
a68ecb8417679ed69adba670e82eedb85a8f14f9,Cc1ccc(o1)-c1nc(N)nc(Nc2cc(ccc2F)C(F)(F)F)n1
747f3fcc02e705fb1de4dcfeec89206eef2110c2,CCOC(=O)CCCn1c(N=Cc2ccc(C)cc2)c(C#N)c2nc3ccccc3nc12
a5973e909f71a511771e9e4354968110bcbf2efe,CCOC(=O)C1=C(C)N=C(SCC(=O)Nc2cccc(Cl)c2)C(C1c1ccco1)C(=O)OCC
dbd7b50f1e1d157e8e8640c8cb9cdfd9738a3418,COc1cc2ccn(C)c2cc1C(=O)NCc1ccc(cc1)C(F)(F)F
9066b934fa6f9fdc243c206ec924e1dd3291950f,COc1ccc2CN(C[C@]3(NC(=O)NC3=O)C#Cc3cnc4[nH]ncc4c3)C(=O)c2c1
5e88ef2739ad0e627b2f63f43c2ac8b7abe46c02,COc1cccc2c1ncc1c2n(C2CCOCC2)c(=O)n(-c2cccc(c2)S(C)(=O)=O)c1=O
a166bfa316d1ff3f59cb5a9d57bb9309af564627,COc1cc(Nc2c(cnc3cc(OCCCN4CCOCC4)c(OC)cc23)C#N)c(Cl)cc1Cl
b8b9f36e55dbc307eb4c8b0639e5e8c6ba7b0983,COc1ccc(NC(=O)c2cc(Cl)c(Cl)cc2NC(=O)c2cnc3cc(ccn23)C#N)cn1
867fd42376d93d889b5edccb352bf245e47c81f5,Cc1ccc2oc(C)c(Cc3ccccc3)c(=O)c2c1
51b031bd57ec9fb0bbc9c7158eabc00026254c60,COc1ccc(C(=O)CN2C(=O)NC(Cc3c[nH]c4c(Cl)cccc34)C2=O)c(F)c1
cf50f5415820d96502a26188ccceb43f4d798c62,COc1ccc(Nc2nc3c(OC)ccc(O)c3c(=O)n2-c2cccc(Cl)c2)cc1
097e6b5cbc91d6dc640ae38acb8fb99bdb2f6c44,Cc1c(NC(=O)c2ccccc2)ccc2c(C)c(C)c(=O)[nH]c12
75382d8c0d28a6d270752cd796c0ea6d6bfca02b,COc1ccc(cc1)C(C)(C)c1cc(O)c2C(=O)c3c(O)cccc3C(=O)c2c1
ac97dc1e7f7d63df0775bb0953f55a8b691d1c0e,Cc1ccc2C(N=O)c3ccccc3N=C(N3CCN(CC(C)(C)C(O)=O)CC3)c2c1
5fe04805ccd4dc9cec53075bfaf8c5360cd447ed,COc1ccc2CN(C[C@]3(NC(=O)NC3=O)C#Cc3ccc(cc3)C(=O)NC[C@H](C)O)C(=O)c2c1
1b9553dbc3214b15892c8fbc39be266539c3b28b,CC(C)(O)[C@H](F)CNC(=O)c1cnc(cc1N[C@H]1C[C@H](CN)C1)-c1ccc2cc(cnn12)C#N
4f1d944424ce2d41cc204db55f4a7911e6aaa36c,COc1ccc2CN(C[C@]3(NC(=O)NC3=O)C#Cc3ccc(cc3)-n3cccn3)C(=O)c2c1
f8d7d4fea405be2622c4f91b8e68fe5b7fc81014,COc1ccc2CN(C[C@]3(NC(=O)NC3=O)C#Cc3ccc(cc3)-n3cc(O)cn3)C(=O)c2c1
34769e8a77e609d75ca01c6565ef50b3da54f979,CCOC(=O)CCCn1cnc2ccc(cc2c1=O)-c1c(C)nc(N)nc1-c1ccc(F)cc1
