molecule_chembl_id,canonical_smiles,log_ic50(pchembl)
CHEMBL100309,O=C1Cc2c([nH]c3ccc(C(F)(F)F)cc23)-c2cc(Br)ccc2N1,5.523000364762793
CHEMBL100312,CC(C)(C)OC(=O)n1c2c(c3cc(Br)ccc31)CC(=O)Nc1ccccc1-2,3.096999997288913
CHEMBL1092509,O=C1Nc2c(Br)cccc2/C1=C1/Nc2ccccc2/C1=N\O,4.481486060122112
CHEMBL1094304,CC[C@H](CO)Nc1nc(NCc2ccccc2O)c2ncn(C(C)C)c2n1,6.568636235841013
CHEMBL1094408,COc1ccc(N2CCN(C)CC2)cc1Nc1ncc2c(n1)-c1c(c(C(N)=O)nn1C)CC2,6.6595558851598815
CHEMBL1099005,CCC(CO)Oc1cc(NCc2ccccc2)c2ncn(C(C)C)c2c1,4.886056647693163
CHEMBL111433,Cc1ccc2[nH]c(O)c(C3=Nc4ccccc4C3=O)c2c1,5.301029995663981
CHEMBL111624,COc1ccc2[nH]c(O)c(C3=Nc4ccccc4C3=O)c2c1,5.920818753952375
CHEMBL114396,COc1ccc2c(c1)C(=O)C(c1[nH]c3ccc(OC)cc3c1O)=N2,4.585026652029182
CHEMBL115220,O=C(Cc1ccc2ccccc2c1)Nc1cc(C2CC2)n[nH]1,6.943095148663527
CHEMBL115429,COc1ccc(OCc2nc(NC(=O)NN3CCOCC3)cs2)cc1,4.522878745280337
CHEMBL115472,O=C(Nc1csc(Cc2c(Cl)cccc2Cl)n1)NN1CCCCC1,5.221848749616356
CHEMBL115625,O=C(Nc1csc(-c2ccccc2Cl)n1)NN1CCOCC1,4.522878745280337
CHEMBL115650,Cc1cccc(-c2nc(NC(=O)NN3CCOCC3)cs2)c1,4.522878745280337
CHEMBL116017,O=C(Nc1csc(CSc2ccccc2)n1)NN1CCOCC1,4.522878745280337
CHEMBL1162016,CC(=O)Nc1cc(C)c(-c2nnc3n2N=C(c2cc(F)c(Cl)cc2Cl)/C(=C/c2ccccc2)S3)s1,5.6252516539898965
CHEMBL1162017,Cc1cc(NC(=O)CCl)sc1-c1nnc2n1N=C(c1cc(F)c(Cl)cc1Cl)/C(=C/c1ccccc1)S2,5.465973893943865
CHEMBL116339,CN(NC(=O)Nc1csc(Cc2c(Cl)cccc2Cl)n1)c1ccccc1,5.0
CHEMBL116545,COc1ccc2c(c1)NC(=O)Cc1c-2[nH]c2ccc([N+](=O)[O-])cc12,6.200997366572284
CHEMBL116615,O=C(NOc1ccccc1)Nc1csc(-c2ccccc2)n1,5.096910013008056
CHEMBL116832,O=C1Cc2c([nH]c3ccccc23)-c2cc(I)ccc2N1,5.131000161513581
CHEMBL116949,O=C(Nc1csc(CS(=O)(=O)c2ccccn2)n1)NN1CCOCC1,5.0
CHEMBL117,O=c1cc(-c2ccccc2)oc2cc(O)cc(O)c12,5.508638306165727
CHEMBL117778,CS(=O)(=O)Cc1nc(NC(=O)NOc2ccccc2)cs1,5.221848749616356
CHEMBL117779,Cc1cccc(-c2nc(NC(=O)NOc3ccccc3)cs2)c1,4.795880017344075
CHEMBL117800,CONC(=O)Nc1csc(Cc2c(Cl)cccc2Cl)n1,5.045757490560675
CHEMBL117906,O=C(Nc1csc(Cc2c(Cl)cccc2Cl)n1)NN1CCCCCC1,5.0
CHEMBL117950,CC(C)(C)ONC(=O)Nc1csc(Cc2c(Cl)cccc2Cl)n1,6.0
CHEMBL1179821,CN1C(=O)/C(=C/c2ccc3c(c2)OCO3)N=C1NCCN,6.040958607678906
CHEMBL118043,O=C(Nc1csc(COc2ccccc2)n1)NN1CCOCC1,4.096910013008056
CHEMBL118162,N#Cc1ccc2[nH]c3c(c2c1)CC(=O)Nc1ccsc1-3,6.49499933607313
CHEMBL118406,Cc1ccc2[nH]c3c(c2c1)CC(=O)Nc1ccsc1-3,4.398000054034892
CHEMBL118685,C=CCONC(=O)Nc1csc(Cc2c(Cl)cccc2Cl)n1,5.221848749616356
CHEMBL119041,O=C(NOC1CCCCO1)Nc1csc(Cc2c(Cl)cccc2Cl)n1,5.522878745280337
CHEMBL119143,CN(C)NC(=O)Nc1csc(Cc2c(Cl)cccc2Cl)n1,5.3979400086720375
CHEMBL119530,O=C(NOc1ccccc1)Nc1csc(Cc2c(Cl)cccc2Cl)n1,6.045757490560675
CHEMBL119796,CCONC(=O)Nc1csc(Cc2c(Cl)cccc2Cl)n1,5.301029995663981
CHEMBL119812,O=C(Nc1csc(-c2cccs2)n1)NN1CCOCC1,4.522878745280337
CHEMBL119932,N#Cc1ccc2c(c1)-c1[nH]c3ccccc3c1CC(=O)N2,3.347000004724818
CHEMBL119963,O=C1Cc2c([nH]c3ccc([N+](=O)[O-])cc23)-c2sccc2N1,7.0
CHEMBL119989,CC(=O)/C=C/c1ccc2c(c1)-c1[nH]c3ccc(C(F)(F)F)cc3c1CC(=O)N2,4.468999964950094
CHEMBL120030,CC(=O)OCN1C(=O)Cc2c([nH]c3ccc(Br)cc23)-c2ccccc21,5.276000363966554
CHEMBL120078,O=C1Cc2c([nH]c3ccc(C(F)(F)F)cc23)-c2cccnc2N1,4.88599985905086
CHEMBL120137,COc1ccc2[nH]c3c(c2c1)CC(=O)Nc1ncccc1-3,3.3770000041292088
CHEMBL120355,Nc1ccc2[nH]c3c(c2c1)CC(=O)Nc1ccccc1-3,4.5229999303468915
CHEMBL120497,O=[N+]([O-])c1ccc2[nH]c3c(c2c1)CC(S)=Nc1ccccc1-3,5.770000934050708
CHEMBL120664,O=C1Cc2c([nH]c3ccc(C(F)(F)F)cc23)-c2cc(C#CC3(O)CCCCC3)ccc2N1,5.080999878330908
CHEMBL1208600,O=C1Nc2ccc(S(=O)(=O)O)cc2/C1=C1/Nc2ccccc2C1=O,7.187086643357144
CHEMBL1208973,O=c1cc(-c2ccc(O)cc2)oc2c(-c3c(O)cc(O)c4c(=O)cc(-c5ccc(O)cc5)oc34)c(O)cc(O)c12,5.031984286006358
CHEMBL120941,NCC(=O)c1ccc2[nH]c3c(c2c1)CC(=O)Nc1ccccc1-3,5.259999900311453
CHEMBL121492,N#CCCc1ccc2c(c1)-c1[nH]c3ccc(C(F)(F)F)cc3c1CC(=O)N2,7.4809599613516555
CHEMBL121543,O=C1Cc2c([nH]c3ccc(C(F)(F)F)cc23)-c2cc(CC#CO)ccc2N1,5.699000406013823
CHEMBL121953,Cc1ccc2[nH]c3c(c2c1)CC(=O)Nc1ncccc1-3,3.366999996729051
CHEMBL121957,O=C1Cc2c([nH]c3ccc(C(F)(F)F)cc23)-c2cc(I)ccc2N1,5.154999997519168
CHEMBL121958,COC(=O)/C=C/c1ccc2c(c1)-c1[nH]c3ccc(C(F)(F)F)cc3c1CC(=O)N2,4.823999952363053
CHEMBL1230607,CC(C)CC(=O)Nc1n[nH]c2c1CN(C(=O)C1CCN(C)CC1)C2(C)C,8.301029995663981
CHEMBL1231206,Cc1ccc(-c2ccc3c(ccc4sc5c(c43)NC[C@@H](C)NC5=O)n2)cn1,6.044793462458058
CHEMBL1233473,NC1=NC(=O)/C(=C2\CCNC(=O)c3[nH]c(Cl)c(Cl)c32)N1,7.2076083105017466
CHEMBL126077,O=Nc1c(-c2c(O)[nH]c3ccccc23)[nH]c2ccccc12,7.0
CHEMBL1276127,O=C1Nc2ccccc2/C1=C1/Nc2ccccc2C1=O,5.110698297493689
CHEMBL1288582,COc1ccc2cc(-c3n[nH]c4cccnc34)[nH]c2c1,5.130181792020672
CHEMBL134501,O=C1Cc2c([nH]c3ccc(Br)cc23)-c2cccnc2N1,5.045757490560675
CHEMBL14445,Cc1nccc2c1[nH]c1cc(F)ccc12,4.619788758288394
CHEMBL14762,CC[C@H](CO)Nc1nc(NCc2ccccc2)c2ncn(C(C)C)c2n1,6.568636235841013
CHEMBL150,O=c1c(O)c(-c2ccc(O)cc2)oc2cc(O)cc(O)c12,4.292429823902063
CHEMBL151,O=c1cc(-c2ccc(O)c(O)c2)oc2cc(O)cc(O)c12,5.42021640338319
CHEMBL1614763,Nc1nc(Nc2ccc(Cl)cc2)sc1C(=O)c1cccc([N+](=O)[O-])c1,5.861697301833718
CHEMBL170138,CO/N=C1/C(c2c(O)[nH]c3ccccc23)=Nc2ccccc21,6.3979400086720375
CHEMBL170640,O=Nc1c(-c2c(O)[nH]c3cc(Br)c([N+](=O)[O-])cc23)[nH]c2ccccc12,6.823908740944319
CHEMBL172540,O=C1C(c2c(O)[nH]c3cc(F)ccc23)=Nc2ccccc21,6.0
CHEMBL172547,CC(=O)O/N=C1/C(c2c(O)[nH]c3cc(Br)c([N+](=O)[O-])cc23)=Nc2ccccc21,4.508638306165727
CHEMBL173040,O=Nc1c(-c2c(O)[nH]c3cc(Cl)ccc23)[nH]c2ccccc12,7.0
CHEMBL173178,Cc1cc2c(C3=Nc4ccccc4C3=O)c(O)[nH]c2cc1Br,4.221848749616356
CHEMBL1738742,CC[C@H](CO)Nc1nc(NCc2ccccc2)c2[nH]nc(C(C)C)c2n1,6.698970004336019
CHEMBL174068,CC(=O)O/N=C1/C(c2c(O)[nH]c3cc(Cl)ccc23)=Nc2ccccc21,6.698970004336019
CHEMBL174292,O=Nc1c(-c2c(O)[nH]c3cc(F)ccc23)[nH]c2ccccc12,6.823908740944319
CHEMBL174343,O=C1C(c2c(O)[nH]c3cc(I)ccc23)=Nc2ccccc21,5.275724130399211
CHEMBL174612,CC(=O)O/N=C1/C(c2c(O)[nH]c3cc(Br)c(C)cc23)=Nc2ccccc21,4.522878745280337
CHEMBL175053,C=Cc1ccc2c(C3=Nc4ccccc4C3=O)c(O)[nH]c2c1,5.619788758288394
CHEMBL175155,Cc1cc2c(-c3[nH]c4ccccc4c3N=O)c(O)[nH]c2cc1Br,6.886056647693163
CHEMBL1761778,Nc1nc(Nc2ccc(Cl)cc2)sc1C(=O)c1cccc(F)c1,6.154901959985743
CHEMBL1761779,COc1cccc(C(=O)c2sc(Nc3ccc(Cl)cc3)nc2N)c1,5.3979400086720375
CHEMBL1761780,Nc1nc(NC2CCCNC2)sc1C(=O)c1cccc(F)c1,6.301029995663981
CHEMBL1761781,Nc1nc(NC2CCNCC2)sc1C(=O)c1cccc(F)c1,5.207608310501746
CHEMBL1761782,Nc1cccc(Nc2nc(N)c(C(=O)c3cccc(F)c3)s2)c1,7.508638306165727
CHEMBL1761783,CNc1cccc(Nc2nc(N)c(C(=O)c3cccc(F)c3)s2)c1,7.356547323513812
CHEMBL1761784,CN(C)c1ccc(Nc2nc(N)c(C(=O)c3cccc(F)c3)s2)cc1,7.167491087293763
CHEMBL1761785,Nc1nc(Nc2ccccn2)sc1C(=O)c1cccc(F)c1,7.481486060122112
CHEMBL1761786,Nc1nc(Nc2ccccn2)sc1C(=O)c1ccccc1F,7.42021640338319
CHEMBL1761787,Nc1nc(Nc2ccccn2)sc1C(=O)c1ccc(F)cc1,5.920818753952375
CHEMBL1761788,COc1ccccc1C(=O)c1sc(Nc2ccccn2)nc1N,7.096910013008056
CHEMBL1761789,COc1cccc(C(=O)c2sc(Nc3ccccn3)nc2N)c1,6.3979400086720375
CHEMBL1761790,COc1ccc(C(=O)c2sc(Nc3ccccn3)nc2N)cc1,5.958607314841775
CHEMBL1761791,Nc1nc(Nc2cccnc2)sc1C(=O)c1ccccc1F,7.522878745280337
CHEMBL1761792,Nc1nc(Nc2cccnc2)sc1C(=O)c1cccc(F)c1,7.2076083105017466
CHEMBL1761793,Nc1nc(Nc2cccnc2)sc1C(=O)c1ccc(F)cc1,5.3872161432802645
CHEMBL1761794,Nc1nc(Nc2cccnc2)sc1C(=O)c1ccccc1,6.467245621007502
CHEMBL1761795,Nc1nc(Nc2cccnc2)sc1C(=O)c1cccc([N+](=O)[O-])c1,6.886056647693163
CHEMBL1761796,COc1ccccc1C(=O)c1sc(Nc2cccnc2)nc1N,6.3788237182249645
CHEMBL1761797,COc1cccc(C(=O)c2sc(Nc3cccnc3)nc2N)c1,7.958607314841775
CHEMBL1761798,COc1ccc(C(=O)c2sc(Nc3cccnc3)nc2N)cc1,5.455931955649724
CHEMBL1761799,Nc1nc(Nc2ccncc2)sc1C(=O)c1ccccc1F,6.443697499232712
CHEMBL1761800,Nc1nc(Nc2ccncc2)sc1C(=O)c1cccc(F)c1,7.7447274948966935
CHEMBL1761801,Nc1nc(Nc2ccncc2)sc1C(=O)c1ccc(F)cc1,6.3979400086720375
CHEMBL1761802,COc1ccccc1C(=O)c1sc(Nc2ccncc2)nc1N,7.221848749616356
CHEMBL1761803,COc1cccc(C(=O)c2sc(Nc3ccncc3)nc2N)c1,6.698970004336019
CHEMBL1761804,COc1ccc(C(=O)c2sc(Nc3ccncc3)nc2N)cc1,6.221848749616356
CHEMBL1761805,Nc1nc(Nc2cccnc2)sc1C(=O)c1ccccn1,6.096910013008056
CHEMBL1761806,Nc1nc(Nc2cccnc2)sc1C(=O)c1cccnc1,7.0
CHEMBL1761807,Nc1nc(Nc2cccnc2)sc1C(=O)c1ccncc1,5.767003889607846
CHEMBL1761809,Nc1nc(Nc2ccc(C(F)(F)F)nc2)sc1C(=O)c1ccccc1F,6.795880017344075
CHEMBL176306,O=C1C(c2c(O)[nH]c3cccc(Cl)c23)=Nc2ccccc21,5.0
CHEMBL176896,CC(=O)O/N=C1/C(c2c(O)[nH]c3ccccc23)=Nc2ccccc21,6.154901959985743
CHEMBL176904,O=C1C(c2c(O)[nH]c3cc(Br)ccc23)=Nc2ccccc21,4.275724130399211
CHEMBL177146,O=Nc1c(-c2c(O)[nH]c3cc(I)ccc23)[nH]c2ccccc12,6.522878745280337
CHEMBL1782168,O=C1Cc2c([nH]c3ccncc23)-c2ccccc2N1,5.522878745280337
CHEMBL1782169,O=C1Cc2c([nH]c3cc[n+](Cc4ccccc4)cc23)-c2ccccc2N1.[Br-],5.136677139879544
CHEMBL1782170,O=C1Cc2c([nH]c3cc[n+]([O-])cc23)-c2ccccc2N1,5.136677139879544
CHEMBL1795354,O=C(Nc1sc2c(c1Cc1nnc(S)n1NC(=O)c1ccc(Cl)cc1)CCCC2)c1ccccc1,6.73754891026957
CHEMBL1795356,COC(=O)CSc1nnc(Cc2c(NC(=O)c3ccccc3)sc3c2CCCC3)n1NC(=O)c1ccccc1,6.452225294612178
CHEMBL1796144,O=C(Cc1c(NC(=O)CCl)sc2c1CCCC2)NNC(=S)[S-].[K+],6.607303046740334
CHEMBL1796145,CC(=O)Nc1sc2c(c1CC(=O)NNC(=S)[S-])CCCC2.[K+],6.460923901207224
CHEMBL1796146,O=C(Cc1c(NC(=O)c2ccccc2)sc2c1CCCC2)NNC(=S)[S-].[K+],6.428291168191312
CHEMBL1796147,O=C(O)CCNc1sc2c(c1CC(=O)NNC(=S)[S-])CCCC2.[K+],6.401209493236885
CHEMBL1796148,Nn1c(S)nnc1Cc1c(NC(=O)CCl)sc2c1CCCC2,7.366531544420414
CHEMBL1796149,CC(=O)Nc1sc2c(c1Cc1nnc(S)n1N)CCCC2,6.413412695328245
CHEMBL1796150,Nn1c(S)nnc1Cc1c(NC(=O)c2ccccc2)sc2c1CCCC2,6.20690839982342
CHEMBL1796151,Nn1c(S)nnc1Cc1c(NCCC(=O)O)sc2c1CCCC2,6.5718652059712115
CHEMBL1796152,O=C(CCl)Nc1sc2c(c1Cc1nnc(S)n1NC(=O)c1ccc(Cl)cc1)CCCC2,6.464705879957229
CHEMBL1796153,CC(=O)Nc1sc2c(c1Cc1nnc(S)n1NC(=O)c1ccc(Cl)cc1)CCCC2,6.337242168318426
CHEMBL1796154,O=C(O)CCNc1sc2c(c1Cc1nnc(S)n1NC(=O)c1ccc(Cl)cc1)CCCC2,6.34008379993015
CHEMBL1796155,O=C(CCl)Nc1sc2c(c1Cc1nnc(S)n1NC(=O)c1ccccc1)CCCC2,6.124360062995832
CHEMBL1796156,CC(=O)Nc1sc2c(c1Cc1nnc(S)n1NC(=O)c1ccccc1)CCCC2,6.242603971206976
CHEMBL1796157,O=C(Nc1sc2c(c1Cc1nnc(S)n1NC(=O)c1ccccc1)CCCC2)c1ccccc1,6.050122295963125
CHEMBL1796158,O=C(O)CCNc1sc2c(c1Cc1nnc(S)n1NC(=O)c1ccccc1)CCCC2,6.17134010346468
CHEMBL1796159,CC(=O)Nn1c(S)nnc1Cc1c(NC(=O)CCl)sc2c1CCCC2,6.161780778092374
CHEMBL1796160,CC(=O)Nc1sc2c(c1Cc1nnc(S)n1NC(C)=O)CCCC2,6.2335871528876
CHEMBL1796161,CC(=O)Nn1c(S)nnc1Cc1c(NC(=O)c2ccccc2)sc2c1CCCC2,6.209011524911184
CHEMBL1796162,CC(=O)Nn1c(S)nnc1Cc1c(NCCC(=O)O)sc2c1CCCC2,6.363512103646634
CHEMBL1796163,O=C(CCl)Nc1sc2c(c1Cc1nnc(SCSc3nnc(Cc4c(NC(=O)CCl)sc5c4CCCC5)n3NC(=O)c3ccc(Cl)cc3)n1NC(=O)c1ccc(Cl)cc1)CCCC2,6.468521082957745
CHEMBL1796164,CC(=O)Nc1sc2c(c1Cc1nnc(SCSc3nnc(Cc4c(NC(C)=O)sc5c4CCCC5)n3NC(=O)c3ccc(Cl)cc3)n1NC(=O)c1ccc(Cl)cc1)CCCC2,6.43533393574791
CHEMBL1796165,O=C(Nc1sc2c(c1Cc1nnc(SCSc3nnc(Cc4c(NC(=O)c5ccccc5)sc5c4CCCC5)n3NC(=O)c3ccc(Cl)cc3)n1NC(=O)c1ccc(Cl)cc1)CCCC2)c1ccccc1,6.202732459169283
CHEMBL1796166,O=C(O)CCNc1sc2c(c1Cc1nnc(SCSc3nnc(Cc4c(NCCC(=O)O)sc5c4CCCC5)n3NC(=O)c3ccc(Cl)cc3)n1NC(=O)c1ccc(Cl)cc1)CCCC2,6.785156151952302
CHEMBL1796167,O=C(CCl)Nc1sc2c(c1Cc1nnc(SCSc3nnc(Cc4c(NC(=O)CCl)sc5c4CCCC5)n3NC(=O)c3ccccc3)n1NC(=O)c1ccccc1)CCCC2,6.174573882232177
CHEMBL1796168,CC(=O)Nc1sc2c(c1Cc1nnc(SCSc3nnc(Cc4c(NC(C)=O)sc5c4CCCC5)n3NC(=O)c3ccccc3)n1NC(=O)c1ccccc1)CCCC2,6.189767482004916
CHEMBL1796169,O=C(Nc1sc2c(c1Cc1nnc(SCSc3nnc(Cc4c(NC(=O)c5ccccc5)sc5c4CCCC5)n3NC(=O)c3ccccc3)n1NC(=O)c1ccccc1)CCCC2)c1ccccc1,6.158015195409886
CHEMBL1796170,O=C(O)CCNc1sc2c(c1Cc1nnc(SCSc3nnc(Cc4c(NCCC(=O)O)sc5c4CCCC5)n3NC(=O)c3ccccc3)n1NC(=O)c1ccccc1)CCCC2,6.238824186844268
CHEMBL1796330,CC(=O)Nn1c(Cc2c(NC(=O)CCl)sc3c2CCCC3)nnc1SCSc1nnc(Cc2c(NC(=O)CCl)sc3c2CCCC3)n1NC(C)=O,6.071092309756048
CHEMBL1796331,CC(=O)Nc1sc2c(c1Cc1nnc(SCSc3nnc(Cc4c(NC(C)=O)sc5c4CCCC5)n3NC(C)=O)n1NC(C)=O)CCCC2,6.0762380391713
CHEMBL1796332,CC(=O)Nn1c(Cc2c(NC(=O)c3ccccc3)sc3c2CCCC3)nnc1SCSc1nnc(Cc2c(NC(=O)c3ccccc3)sc3c2CCCC3)n1NC(C)=O,6.115771230367396
CHEMBL1796333,CC(=O)Nn1c(Cc2c(NCCC(=O)O)sc3c2CCCC3)nnc1SCSc1nnc(Cc2c(NCCC(=O)O)sc3c2CCCC3)n1NC(C)=O,6.134303940083929
CHEMBL1796334,N#CCSc1nnc(Cc2c(NC(=O)CCl)sc3c2CCCC3)n1NC(=O)c1ccc(Cl)cc1,7.236572006437063
CHEMBL1796335,CC(=O)Nc1sc2c(c1Cc1nnc(SCC#N)n1NC(=O)c1ccc(Cl)cc1)CCCC2,6.3819519032879075
CHEMBL1796336,N#CCSc1nnc(Cc2c(NC(=O)c3ccccc3)sc3c2CCCC3)n1NC(=O)c1ccc(Cl)cc1,6.258848401148215
CHEMBL1796337,N#CCSc1nnc(Cc2c(NCCC(=O)O)sc3c2CCCC3)n1NC(=O)c1ccc(Cl)cc1,6.374687549038326
CHEMBL1796338,N#CCSc1nnc(Cc2c(NC(=O)CCl)sc3c2CCCC3)n1NC(=O)c1ccccc1,6.182434630440219
CHEMBL1796339,CC(=O)Nc1sc2c(c1Cc1nnc(SCC#N)n1NC(=O)c1ccccc1)CCCC2,6.405607449624573
CHEMBL1796340,N#CCSc1nnc(Cc2c(NC(=O)c3ccccc3)sc3c2CCCC3)n1NC(=O)c1ccccc1,6.313363730737707
CHEMBL1796341,N#CCSc1nnc(Cc2c(NCCC(=O)O)sc3c2CCCC3)n1NC(=O)c1ccccc1,5.3121144751512945
CHEMBL1796342,CC(=O)Nn1c(Cc2c(NC(=O)CCl)sc3c2CCCC3)nnc1SCC#N,7.214670164989233
CHEMBL1796343,CC(=O)Nc1sc2c(c1Cc1nnc(SCC#N)n1NC(C)=O)CCCC2,6.33913452199613
CHEMBL1796344,CC(=O)Nn1c(Cc2c(NC(=O)c3ccccc3)sc3c2CCCC3)nnc1SCC#N,6.248720896016658
CHEMBL1796345,CC(=O)Nn1c(Cc2c(NCCC(=O)O)sc3c2CCCC3)nnc1SCC#N,6.193141970481182
CHEMBL1796346,COC(=O)CSc1nnc(Cc2c(NC(=O)CCl)sc3c2CCCC3)n1NC(=O)c1ccc(Cl)cc1,6.3535962737769305
CHEMBL1796347,COC(=O)CSc1nnc(Cc2c(NC(C)=O)sc3c2CCCC3)n1NC(=O)c1ccc(Cl)cc1,6.410050398674292
CHEMBL1796348,COC(=O)CSc1nnc(Cc2c(NC(=O)c3ccccc3)sc3c2CCCC3)n1NC(=O)c1ccc(Cl)cc1,6.533132379645891
CHEMBL1796349,COC(=O)CSc1nnc(Cc2c(NCCC(=O)O)sc3c2CCCC3)n1NC(=O)c1ccc(Cl)cc1,6.266802734893431
CHEMBL1796350,COC(=O)CSc1nnc(Cc2c(NC(=O)CCl)sc3c2CCCC3)n1NC(=O)c1ccccc1,6.166852888087215
CHEMBL1796351,COC(=O)CSc1nnc(Cc2c(NC(C)=O)sc3c2CCCC3)n1NC(=O)c1ccccc1,6.2380721615794705
CHEMBL1796352,COC(=O)CSc1nnc(Cc2c(NCCC(=O)O)sc3c2CCCC3)n1NC(=O)c1ccccc1,6.193141970481182
CHEMBL1796353,COC(=O)CSc1nnc(Cc2c(NC(=O)CCl)sc3c2CCCC3)n1NC(C)=O,6.158015195409886
CHEMBL1796354,COC(=O)CSc1nnc(Cc2c(NC(C)=O)sc3c2CCCC3)n1NC(C)=O,6.410050398674292
CHEMBL1796355,COC(=O)CSc1nnc(Cc2c(NC(=O)c3ccccc3)sc3c2CCCC3)n1NC(C)=O,6.246416941107094
CHEMBL1796356,COC(=O)CSc1nnc(Cc2c(NCCC(=O)O)sc3c2CCCC3)n1NC(C)=O,6.134896025358872
CHEMBL1796357,NNC(=O)CSc1nnc(Cc2c(NC(=O)CCl)sc3c2CCCC3)n1NC(=O)c1ccc(Cl)cc1,7.4089353929735005
CHEMBL1796358,CC(=O)Nc1sc2c(c1Cc1nnc(SCC(=O)NN)n1NC(=O)c1ccc(Cl)cc1)CCCC2,7.1938200260161125
CHEMBL1796359,NNC(=O)CSc1nnc(Cc2c(NC(=O)c3ccccc3)sc3c2CCCC3)n1NC(=O)c1ccc(Cl)cc1,6.627087997029894
CHEMBL1796360,NNC(=O)CSc1nnc(Cc2c(NCCC(=O)O)sc3c2CCCC3)n1NC(=O)c1ccc(Cl)cc1,6.696803942579511
CHEMBL1796361,NNC(=O)CSc1nnc(Cc2c(NC(=O)CCl)sc3c2CCCC3)n1NC(=O)c1ccccc1,7.431798275933005
CHEMBL1796362,CC(=O)Nc1sc2c(c1Cc1nnc(SCC(=O)NN)n1NC(=O)c1ccccc1)CCCC2,6.716698771296451
CHEMBL1796363,NNC(=O)CSc1nnc(Cc2c(NC(=O)c3ccccc3)sc3c2CCCC3)n1NC(=O)c1ccccc1,6.578396073130169
CHEMBL1796364,NNC(=O)CSc1nnc(Cc2c(NCCC(=O)O)sc3c2CCCC3)n1NC(=O)c1ccccc1,6.341988603342887
CHEMBL1796365,CC(=O)Nn1c(Cc2c(NC(=O)CCl)sc3c2CCCC3)nnc1SCC(=O)NN,7.214670164989233
CHEMBL1796366,CC(=O)Nc1sc2c(c1Cc1nnc(SCC(=O)NN)n1NC(C)=O)CCCC2,6.603800652904264
CHEMBL1796367,CC(=O)Nn1c(Cc2c(NC(=O)c3ccccc3)sc3c2CCCC3)nnc1SCC(=O)NN,6.7447274948966935
CHEMBL1796368,CC(=O)Nn1c(Cc2c(NCCC(=O)O)sc3c2CCCC3)nnc1SCC(=O)NN,6.031050319018657
CHEMBL1796369,CC(=O)NNC(=O)CSc1nnc(Cc2c(NC(=O)CCl)sc3c2CCCC3)n1NC(=O)c1ccc(Cl)cc1,6.329754146925876
CHEMBL1796370,CC(=O)NNC(=O)CSc1nnc(Cc2c(NC(=O)c3ccccc3)sc3c2CCCC3)n1NC(C)=O,6.1944991418416
CHEMBL1796371,CC(=O)NNC(=O)CSc1nnc(Cc2c(NCCC(=O)O)sc3c2CCCC3)n1NC(C)=O,6.436518914605589
CHEMBL1796372,CC(=O)Nn1c(Cc2c(NC(=O)CCl)sc3c2CCCC3)nnc1SCC(=O)NNC(=O)c1ccccc1,6.440093374963888
CHEMBL1796373,CC(=O)Nc1sc2c(c1Cc1nnc(SCC(=O)NNC(=O)c3ccccc3)n1NC(C)=O)CCCC2,6.360513510731414
CHEMBL1796374,CC(=O)Nn1c(Cc2c(NC(=O)c3ccccc3)sc3c2CCCC3)nnc1SCC(=O)NNC(=O)c1ccccc1,6.386158178123931
CHEMBL1796375,CC(=O)Nn1c(Cc2c(NCCC(=O)O)sc3c2CCCC3)nnc1SCC(=O)NNC(=O)c1ccccc1,6.3223930472795065
CHEMBL1796376,CC(=O)Nn1c(Cc2c(NC(=O)CCl)sc3c2CCCC3)nnc1SCC(=O)NNC(=O)CCl,6.3448615651886175
CHEMBL1796377,CC(=O)Nc1sc2c(c1Cc1nnc(SCC(=O)NNC(=O)CCl)n1NC(C)=O)CCCC2,6.324221658325915
CHEMBL1796378,CC(=O)Nn1c(Cc2c(NC(=O)c3ccccc3)sc3c2CCCC3)nnc1SCC(=O)NNC(=O)CCl,6.446116973356125
CHEMBL1796495,CC(=O)Nn1c(Cc2c(NCCC(=O)O)sc3c2CCCC3)nnc1SCC(=O)NNC(=O)CCl,6.576754126063192
CHEMBL1796496,CC(=O)NNC(=O)CSc1nnc(Cc2c(NC(C)=O)sc3c2CCCC3)n1NC(=O)c1ccc(Cl)cc1,6.193141970481182
CHEMBL1796497,CC(=O)NNC(=O)CSc1nnc(Cc2c(NC(=O)c3ccccc3)sc3c2CCCC3)n1NC(=O)c1ccc(Cl)cc1,6.497572880015567
CHEMBL1796498,CC(=O)NNC(=O)CSc1nnc(Cc2c(NCCC(=O)O)sc3c2CCCC3)n1NC(=O)c1ccc(Cl)cc1,6.453457336521869
CHEMBL1796499,O=C(CSc1nnc(Cc2c(NC(=O)CCl)sc3c2CCCC3)n1NC(=O)c1ccc(Cl)cc1)NNC(=O)c1ccccc1,6.209714835966758
CHEMBL1796500,CC(=O)Nc1sc2c(c1Cc1nnc(SCC(=O)NNC(=O)c3ccccc3)n1NC(=O)c1ccc(Cl)cc1)CCCC2,6.279840696594043
CHEMBL1796501,O=C(CSc1nnc(Cc2c(NC(=O)c3ccccc3)sc3c2CCCC3)n1NC(=O)c1ccc(Cl)cc1)NNC(=O)c1ccccc1,6.316052869248487
CHEMBL1796502,O=C(O)CCNc1sc2c(c1Cc1nnc(SCC(=O)NNC(=O)c3ccccc3)n1NC(=O)c1ccc(Cl)cc1)CCCC2,6.567030709125595
CHEMBL1796503,O=C(CCl)NNC(=O)CSc1nnc(Cc2c(NC(=O)CCl)sc3c2CCCC3)n1NC(=O)c1ccc(Cl)cc1,6.640164517660112
CHEMBL1796504,CC(=O)Nc1sc2c(c1Cc1nnc(SCC(=O)NNC(=O)CCl)n1NC(=O)c1ccc(Cl)cc1)CCCC2,6.585026652029182
CHEMBL1796505,O=C(CCl)NNC(=O)CSc1nnc(Cc2c(NC(=O)c3ccccc3)sc3c2CCCC3)n1NC(=O)c1ccc(Cl)cc1,6.468521082957745
CHEMBL1796506,O=C(O)CCNc1sc2c(c1Cc1nnc(SCC(=O)NNC(=O)CCl)n1NC(=O)c1ccc(Cl)cc1)CCCC2,6.732828271596986
CHEMBL1796507,CC(=O)NNC(=O)CSc1nnc(Cc2c(NC(=O)CCl)sc3c2CCCC3)n1NC(=O)c1ccccc1,6.455931955649724
CHEMBL1796508,CC(=O)NNC(=O)CSc1nnc(Cc2c(NC(C)=O)sc3c2CCCC3)n1NC(=O)c1ccccc1,6.261219441515631
CHEMBL1796509,CC(=O)NNC(=O)CSc1nnc(Cc2c(NC(=O)c3ccccc3)sc3c2CCCC3)n1NC(=O)c1ccccc1,6.248720896016658
CHEMBL1796510,CC(=O)NNC(=O)CSc1nnc(Cc2c(NCCC(=O)O)sc3c2CCCC3)n1NC(=O)c1ccccc1,6.330683119433888
CHEMBL1796511,O=C(CSc1nnc(Cc2c(NC(=O)CCl)sc3c2CCCC3)n1NC(=O)c1ccccc1)NNC(=O)c1ccccc1,6.329754146925876
CHEMBL1796512,CC(=O)Nc1sc2c(c1Cc1nnc(SCC(=O)NNC(=O)c3ccccc3)n1NC(=O)c1ccccc1)CCCC2,6.384049948343599
CHEMBL1796513,O=C(CSc1nnc(Cc2c(NC(=O)c3ccccc3)sc3c2CCCC3)n1NC(=O)c1ccccc1)NNC(=O)c1ccccc1,6.33161408331
CHEMBL1796514,O=C(O)CCNc1sc2c(c1Cc1nnc(SCC(=O)NNC(=O)c3ccccc3)n1NC(=O)c1ccccc1)CCCC2,6.36251027048749
CHEMBL1796515,O=C(CCl)NNC(=O)CSc1nnc(Cc2c(NC(=O)CCl)sc3c2CCCC3)n1NC(=O)c1ccccc1,6.274088367704952
CHEMBL1796516,CC(=O)Nc1sc2c(c1Cc1nnc(SCC(=O)NNC(=O)CCl)n1NC(=O)c1ccccc1)CCCC2,6.191789027075778
CHEMBL1796517,O=C(CCl)NNC(=O)CSc1nnc(Cc2c(NC(=O)c3ccccc3)sc3c2CCCC3)n1NC(=O)c1ccccc1,6.262012673666569
CHEMBL1796518,O=C(O)CCNc1sc2c(c1Cc1nnc(SCC(=O)NNC(=O)CCl)n1NC(=O)c1ccccc1)CCCC2,6.441291429466834
CHEMBL1796519,CC(=O)NNC(=O)CSc1nnc(Cc2c(NC(=O)CCl)sc3c2CCCC3)n1NC(C)=O,6.342944147142896
CHEMBL1796520,CC(=O)NNC(=O)CSc1nnc(Cc2c(NC(C)=O)sc3c2CCCC3)n1NC(C)=O,6.485452247339714
CHEMBL1796521,O=C(CSc1nnc(Cc2c(NC(=O)CCl)sc3c2CCCC3)n1NC(=O)c1ccc(Cl)cc1)N/N=C/c1ccccc1,7.455931955649724
CHEMBL1796522,CC(=O)Nc1sc2c(c1Cc1nnc(SCC(=O)N/N=C/c3ccccc3)n1NC(=O)c1ccc(Cl)cc1)CCCC2,6.671620396561262
CHEMBL1796523,O=C(CSc1nnc(Cc2c(NC(=O)c3ccccc3)sc3c2CCCC3)n1NC(=O)c1ccc(Cl)cc1)N/N=C/c1ccccc1,6.66354026615147
CHEMBL1796524,O=C(O)CCNc1sc2c(c1Cc1nnc(SCC(=O)N/N=C/c3ccccc3)n1NC(=O)c1ccc(Cl)cc1)CCCC2,6.58838029403677
CHEMBL1796525,O=C(CSc1nnc(Cc2c(NC(=O)CCl)sc3c2CCCC3)n1NC(=O)c1ccccc1)N/N=C/c1ccccc1,7.494850021680094
CHEMBL1796526,CC(=O)Nc1sc2c(c1Cc1nnc(SCC(=O)N/N=C/c3ccccc3)n1NC(=O)c1ccccc1)CCCC2,6.414539270491499
CHEMBL1796527,O=C(CSc1nnc(Cc2c(NC(=O)c3ccccc3)sc3c2CCCC3)n1NC(=O)c1ccccc1)N/N=C/c1ccccc1,6.361510743045363
CHEMBL1796528,O=C(O)CCNc1sc2c(c1Cc1nnc(SCC(=O)N/N=C/c3ccccc3)n1NC(=O)c1ccccc1)CCCC2,6.573488738635425
CHEMBL1796529,CC(=O)Nn1c(Cc2c(NC(=O)CCl)sc3c2CCCC3)nnc1SCC(=O)N/N=C/c1ccccc1,6.4736607226101555
CHEMBL1796530,CC(=O)Nc1sc2c(c1Cc1nnc(SCC(=O)N/N=C/c3ccccc3)n1NC(C)=O)CCCC2,6.343901797987168
CHEMBL1796531,CC(=O)Nn1c(Cc2c(NC(=O)c3ccccc3)sc3c2CCCC3)nnc1SCC(=O)N/N=C/c1ccccc1,6.330683119433888
CHEMBL1796532,CC(=O)Nn1c(Cc2c(NCCC(=O)O)sc3c2CCCC3)nnc1SCC(=O)N/N=C/c1ccccc1,6.2716462179787715
CHEMBL1796533,Nn1c(S)nnc1CSc1nnc(Cc2c(NC(=O)CCl)sc3c2CCCC3)n1NC(=O)c1ccc(Cl)cc1,5.543633966870957
CHEMBL1796677,CC(=O)Nc1sc2c(c1Cc1nnc(SCc3nnc(S)n3N)n1NC(=O)c1ccc(Cl)cc1)CCCC2,5.195179321278838
CHEMBL1796678,Nn1c(S)nnc1CSc1nnc(Cc2c(NC(=O)c3ccccc3)sc3c2CCCC3)n1NC(=O)c1ccc(Cl)cc1,5.484126156288321
CHEMBL1796679,Nn1c(S)nnc1CSc1nnc(Cc2c(NCCC(=O)O)sc3c2CCCC3)n1NC(=O)c1ccc(Cl)cc1,5.232844133917819
CHEMBL1796680,Nn1c(S)nnc1CSc1nnc(Cc2c(NC(=O)CCl)sc3c2CCCC3)n1NC(=O)c1ccccc1,5.208660296034861
CHEMBL1796681,CC(=O)Nc1sc2c(c1Cc1nnc(SCc3nnc(S)n3N)n1NC(=O)c1ccccc1)CCCC2,5.1913164908710305
CHEMBL1796682,Nn1c(S)nnc1CSc1nnc(Cc2c(NC(=O)c3ccccc3)sc3c2CCCC3)n1NC(=O)c1ccccc1,5.338471259868017
CHEMBL1796683,Nn1c(S)nnc1CSc1nnc(Cc2c(NCCC(=O)O)sc3c2CCCC3)n1NC(=O)c1ccccc1,5.302334837352325
CHEMBL1796684,CC(=O)Nn1c(Cc2c(NC(=O)CCl)sc3c2CCCC3)nnc1SCc1nnc(S)n1N,5.394156460941911
CHEMBL1796685,CC(=O)Nc1sc2c(c1Cc1nnc(SCc3nnc(S)n3N)n1NC(C)=O)CCCC2,5.288530218125672
CHEMBL1796686,CC(=O)Nn1c(Cc2c(NC(=O)c3ccccc3)sc3c2CCCC3)nnc1SCc1nnc(S)n1N,5.21169018789295
CHEMBL1796687,CC(=O)Nn1c(Cc2c(NCCC(=O)O)sc3c2CCCC3)nnc1SCc1nnc(S)n1N,5.206768552943479
CHEMBL1801932,CC(C)c1cnn2c(NCc3ccccc3)cc(NCCCCCCN)nc12,5.431798275933005
CHEMBL1802356,O=C1NC(Nc2ccc3c(c2)OCO3)=N/C1=C\c1ccc2c(c1)OCO2,5.522878745280337
CHEMBL1802358,O=C1NC(Nc2ccccc2)=N/C1=C\c1ccc2c(c1)OCO2,6.3872161432802645
CHEMBL1802389,CC(=O)Nc1ccc(-c2cnc(N)nc2-c2c[nH]c3ccc(Br)cc23)cc1,5.167491087293763
CHEMBL1802391,CC(=O)Nc1ccc(-c2cnc(N)nc2-c2c[nH]c3c(Br)cccc23)cc1,5.1249387366083
CHEMBL1802392,Nc1ncc(-c2ccc(C(F)(F)F)cc2)c(-c2c[nH]c3cccc(Br)c23)n1,5.327902142064283
CHEMBL1802396,COc1cccc(-c2cnc(N)nc2-c2c[nH]c3cccc(Br)c23)c1,5.221848749616356
CHEMBL1802397,COc1cccc(-c2cnc(N)nc2-c2c[nH]c3ccc(Br)cc23)c1,5.119186407719209
CHEMBL1802401,Nc1nccc(-c2c[nH]c3c([N+](=O)[O-])cccc23)n1,5.200659450546418
CHEMBL1802403,Nc1ncc(I)c(-c2c[nH]c3ccc([N+](=O)[O-])cc23)n1,5.795880017344075
CHEMBL1802404,Nc1ncc(I)c(-c2c[nH]c3cc([N+](=O)[O-])ccc23)n1,5.795880017344075
CHEMBL1802406,Nc1ncc(I)c(-c2c[nH]c3ccccc23)n1,5.853871964321762
CHEMBL1802409,Nc1ccc2c(-c3nc(N)ncc3I)c[nH]c2c1,5.207608310501746
CHEMBL1802410,Nc1ncc(I)c(-c2c[nH]c3c(N)cccc23)n1,6.180456064458132
CHEMBL1802841,CNC1=N/C(=C\c2ccc3c(c2)OCO3)C(=O)N1C,4.7447274948966935
CHEMBL1802842,CCNC1=N/C(=C\c2ccc3c(c2)OCO3)C(=O)N1C,4.795880017344075
CHEMBL1802843,CCCNC1=N/C(=C\c2ccc3c(c2)OCO3)C(=O)N1C,5.522878745280337
CHEMBL1802844,CC(C)NC1=N/C(=C\c2ccc3c(c2)OCO3)C(=O)N1C,5.7447274948966935
CHEMBL1802845,CCCCNC1=N/C(=C\c2ccc3c(c2)OCO3)C(=O)N1C,5.481486060122113
CHEMBL1802846,CC(C)CNC1=N/C(=C\c2ccc3c(c2)OCO3)C(=O)N1C,5.508638306165727
CHEMBL1802847,CC(C)CCNC1=N/C(=C\c2ccc3c(c2)OCO3)C(=O)N1C,5.698970004336019
CHEMBL1802848,C=CCNC1=N/C(=C\c2ccc3c(c2)OCO3)C(=O)N1C,5.795880017344075
CHEMBL1802849,CN1C(=O)/C(=C/c2ccc3c(c2)OCO3)N=C1NCC1CC1,6.221848749616356
CHEMBL1802850,CN1C(=O)/C(=C/c2ccc3c(c2)OCO3)N=C1NC1CCCC1,5.769551078621726
CHEMBL1802851,CN1C(=O)/C(=C/c2ccc3c(c2)OCO3)N=C1NCCO,5.886056647693163
CHEMBL1802853,CN1C(=O)/C(=C/c2ccc3c(c2)OCO3)N=C1NCCCO,5.346787486224656
CHEMBL1802855,CN1C(=O)/C(=C/c2ccc3c(c2)OCO3)N=C1NCCN1CCOCC1,5.3979400086720375
CHEMBL1802962,Nc1nccc(-c2c[nH]c3cccc(Br)c23)n1,5.0
CHEMBL1802963,Nc1nccc(-c2c[nH]c3c(Br)cccc23)n1,5.508638306165727
CHEMBL1802965,Nc1ncc(I)c(-c2c[nH]c3ccc(Br)cc23)n1,5.7447274948966935
CHEMBL1802966,Nc1ncc(I)c(-c2c[nH]c3cc(Br)ccc23)n1,6.167491087293763
CHEMBL1802967,Nc1ncc(I)c(-c2c[nH]c3c(Br)cccc23)n1,5.6777807052660805
CHEMBL1802968,CC(=O)c1ccc(-c2cnc(N)nc2-c2c[nH]c3cccc(Br)c23)cc1,5.154901959985743
CHEMBL1803069,CN1C(=O)/C(=C/c2ccc3c(c2)OCO3)N=C1Nc1ccccc1,5.366531544420414
CHEMBL1803070,CN1C(=O)/C(=C/c2ccc3c(c2)OCO3)N=C1Nc1ccc(O)cc1,5.795880017344075
CHEMBL1803071,COc1ccc(NC2=N/C(=C\c3ccc4c(c3)OCO4)C(=O)N2C)cc1,6.154901959985743
CHEMBL1803072,CN1C(=O)/C(=C/c2ccc3c(c2)OCO3)N=C1Nc1ccc2c(c1)OCO2,5.236572006437063
CHEMBL1803073,CN1C(=O)/C(=C/c2ccc3c(c2)OCO3)N=C1Nc1ccc2c(c1)OCCO2,5.920818753952375
CHEMBL1803079,CCCNC1=N/C(=C\c2ccc3c(c2)OCO3)C(=O)N1,5.136677139879544
CHEMBL1803082,CCNC1=N/C(=C\c2ccc3c(c2)OCO3)C(=O)N1,5.619788758288394
CHEMBL1803083,O=C1NC(NCC2CC2)=N/C1=C\c1ccc2c(c1)OCO2,5.327902142064283
CHEMBL1803085,O=C1NC(Nc2ccc(O)cc2)=N/C1=C\c1ccc2c(c1)OCO2,5.769551078621726
CHEMBL1824332,COc1ccc(CNC(=O)Nc2nc3ccc(-c4nnn[nH]4)cc3s2)cc1,1.578396073130169
CHEMBL183408,COc1cnc2oc3ccc(O)cc3c2c1-c1ccccc1,5.200659450546418
CHEMBL184574,O=c1c2c(O)cc(O)cc2oc2c(O)ccc(O)c12,6.698970004336019
CHEMBL189963,CC(=O)c1c(C)c2cnc(Nc3ccc(N4CCNCC4)cn3)nc2n(C2CCCC2)c1=O,5.7447274948966935
CHEMBL1910190,N#Cc1ccc(-c2cncc(-c3cc4cc(O)ccc4[nH]3)c2)cc1,5.275724130399211
CHEMBL1910191,CS(=O)(=O)c1ccc(-c2cncc(-c3cc4cc(O)ccc4[nH]3)c2)cc1,5.7447274948966935
CHEMBL1910192,Oc1ccc(-c2cncc(-c3cc4cc(O)ccc4[nH]3)n2)cc1,5.823908740944319
CHEMBL1910193,N#Cc1ccc(-c2cncc(-c3cc4cc(O)ccc4[nH]3)n2)cc1,5.356547323513812
CHEMBL1910194,CS(=O)(=O)c1ccc(-c2cncc(-c3cc4cc(O)ccc4[nH]3)n2)cc1,5.200659450546418
CHEMBL1910195,Oc1ccc(-c2cncc(-c3cc4ccc(O)cc4[nH]3)c2)cc1,6.795880017344075
CHEMBL1910196,N#Cc1ccc(-c2cncc(-c3cc4ccc(O)cc4[nH]3)c2)cc1,6.045757490560675
CHEMBL1910197,CS(=O)(=O)c1ccc(-c2cncc(-c3cc4ccc(O)cc4[nH]3)c2)cc1,6.42021640338319
CHEMBL1910198,Oc1ccc(-c2cncc(-c3cc4ccc(O)cc4[nH]3)n2)cc1,5.823908740944319
CHEMBL1910199,N#Cc1ccc(-c2cncc(-c3cc4ccc(O)cc4[nH]3)n2)cc1,5.267606240177032
CHEMBL1910200,CS(=O)(=O)c1ccc(-c2cncc(-c3cc4ccc(O)cc4[nH]3)n2)cc1,5.585026652029182
CHEMBL1910201,Oc1ccc(-c2ccnc(-c3cc4cc(O)ccc4[nH]3)c2)cc1,6.443697499232712
CHEMBL1910377,Oc1ccc(-c2ccnc(-c3cc4ccc(O)cc4[nH]3)c2)cc1,6.080921907623926
CHEMBL191144,C[C@H](C(=O)Nc1cc(C2CC2)[nH]n1)c1ccc(N2CCCC2=O)cc1,7.187086643357144
CHEMBL191336,OCCCNc1cc(-c2ncnc(Nc3cccc(Cl)c3)n2)ccn1,8.522878745280337
CHEMBL191834,C[C@H](C(=O)Nc1cc(C2CC2)[nH]n1)c1ccc(N2CCOC2=O)cc1,7.2441251443275085
CHEMBL1946916,O=c1oc2cc(O)ccc2c2c1[nH]c1ccccc12,5.327902142064283
CHEMBL1946917,O=c1oc2cc(O)ccc2c2c1[nH]c1ccc(O)cc12,5.376750709602099
CHEMBL1946918,O=c1oc2cc(O)ccc2c2c1[nH]c1cc(O)ccc12,5.0
CHEMBL1947105,O=c1oc2ccc(O)cc2c2c1[nH]c1ccccc12,5.568636235841013
CHEMBL1947110,O=c1oc2ccc(O)cc2c2c1[nH]c1ccc(O)cc12,6.142667503568731
CHEMBL1947112,O=c1oc2ccc(O)cc2c2c1[nH]c1ccc(F)cc12,5.075720713938118
CHEMBL1947117,O=c1oc2ccc(O)cc2c2c1[nH]c1cc3c(cc12)OCO3,4.795880017344075
CHEMBL202935,O=C1NC(=O)c2c1c1ccccc1c1[nH]c3ccc(O)cc3c21,6.6020599913279625
CHEMBL2029614,CN1CCCC[C@@H]1c1c(O)cc(O)c2c(=O)cc(-c3ccccc3)oc12,6.022276394711152
CHEMBL2029615,CN1CCCC[C@H]1c1c(O)cc(O)c2c(=O)cc(-c3ccccc3)oc12,7.301029995663981
CHEMBL2029617,CN1CCCC1c1c(O)cc(O)c2c(=O)cc(-c3ccccc3)oc12,7.045757490560675
CHEMBL2029618,CN1CCC[C@@H]1c1c(O)cc(O)c2c(=O)cc(-c3ccccc3)oc12,6.2441251443275085
CHEMBL2029619,CN1CCC[C@H]1c1c(O)cc(O)c2c(=O)cc(-c3ccccc3)oc12,7.3979400086720375
CHEMBL2029620,O=c1cc(-c2ccccc2)oc2c(C3CCCN3)c(O)cc(O)c12,5.958607314841775
CHEMBL2029621,CCCCCC(NC)c1c(O)cc(O)c2c(=O)cc(-c3ccccc3)oc12,6.2839966563652006
CHEMBL2029622,CCCCC[C@@H](NC)c1c(O)cc(O)c2c(=O)cc(-c3ccccc3)oc12,6.568636235841013
CHEMBL2029623,CCCCC[C@H](NC)c1c(O)cc(O)c2c(=O)cc(-c3ccccc3)oc12,5.6777807052660805
CHEMBL2031893,COc1cc2nccc(Oc3ccc(NC(=O)c4c(C)n(C)n(-c5ccccc5)c4=O)cc3F)c2cc1OC,4.0
CHEMBL2041749,Cc1ccc2[nH]c3c(c4c(n5cccc35)C(=O)NC4=O)c2c1,5.1249387366083
CHEMBL2041914,O=C1NC(=O)c2c1c1c3ccccc3[nH]c1n1nccc21,5.3979400086720375
CHEMBL2041917,O=C1NC(=O)c2c1c1c3cc(O)ccc3[nH]c1n1nccc21,6.292429823902063
CHEMBL2041918,O=C1NC(=O)c2c1c1[nH]ncc1c1[nH]c3ccccc3c21,6.040958607678906
CHEMBL2041919,Cc1ccc2[nH]c3c4cn[nH]c4c4c(c3c2c1)C(=O)NC4=O,6.508638306165727
CHEMBL2069711,NS(=O)(=O)c1cc(-c2nc3ccccc3s2)cs1,6.258848401148215
CHEMBL2069712,NS(=O)(=O)c1cc(-c2nc3ccc(F)cc3s2)cs1,6.480172006224281
CHEMBL2069713,NS(=O)(=O)c1cc(-c2nc3ccc(Cl)cc3s2)cs1,6.449771646944906
CHEMBL2069714,Cc1ccc2nc(-c3csc(S(N)(=O)=O)c3)sc2c1,5.8996294548824375
CHEMBL2069715,NS(=O)(=O)c1cc(-c2nc3ccc([N+](=O)[O-])cc3s2)cs1,5.8955128886876045
CHEMBL2069716,CC(=O)c1ccc2nc(-c3csc(S(N)(=O)=O)c3)sc2c1,5.1998330097986365
CHEMBL2069717,O=S(=O)(NO)c1cc(-c2nc3ccccc3s2)cs1,5.129888844635599
CHEMBL2069719,O=S(=O)(Nc1nccs1)c1cc(-c2nc3ccccc3s2)cs1,5.753501419204199
CHEMBL2069720,Cc1nc(NS(=O)(=O)c2cc(-c3nc4ccccc4s3)cs2)sc1C,5.0851281824599495
CHEMBL2069721,CCOC(=O)Cc1csc(NS(=O)(=O)c2cc(-c3nc4ccccc4s3)cs2)n1,5.293452897359643
CHEMBL2069722,O=S(=O)(NCc1ccccn1)c1cc(-c2nc3ccccc3s2)cs1,5.2618539112879406
CHEMBL2069723,Cc1ccnc(NS(=O)(=O)c2cc(-c3nc4ccccc4s3)cs2)c1,5.082284483440507
CHEMBL2069724,O=S(=O)(Nc1ncccc1O)c1cc(-c2nc3ccccc3s2)cs1,5.002788417167495
CHEMBL2069725,O=S(=O)(Nc1ccc(N2CCOCC2)nc1)c1cc(-c2nc3ccccc3s2)cs1,5.113283725883522
CHEMBL2069726,O=S(=O)(c1cc(-c2nc3ccccc3s2)cs1)N1CCC[C@@H]1CO,5.051587034221399
CHEMBL2069727,NS(=O)(=O)c1cc(-c2nc3ccc(F)c(Cl)c3s2)cs1,6.172630726946175
CHEMBL2069728,NS(=O)(=O)c1cc(-c2nc3cccc(-c4ccc(F)cc4)c3s2)cs1,5.168770306132936
CHEMBL207426,COCCNc1nc(-c2ccc(C(=O)NCCC#N)cc2)nc2c1ncn2C(C)C,5.468521082957745
CHEMBL208017,COCCNc1nc(-c2ccc(C(C)=O)cc2)nc2c1ncn2C(C)C,5.552841968657781
CHEMBL209404,COCCNc1nc(-c2ccc(C#N)s2)nc2c1ncn2C(C)C,5.657577319177793
CHEMBL209648,O=Nc1c(-c2c(O)[nH]c3c(I)cccc23)[nH]c2ccccc12,4.113509274827518
CHEMBL209849,CC(=O)O/N=C1\C(c2c(O)[nH]c3ccccc23)=Nc2ccccc21,6.154901959985743
CHEMBL210001,CCN1C=Nc2ccc3nc(C#N)sc3c2C1,4.568636235841013
CHEMBL210229,CC(C)n1cnc2ccc3nc(C(=N)NCCN(C)C)sc3c2c1=O,5.3979400086720375
CHEMBL2103840,CCc1cnn2c(NCc3ccc[n+]([O-])c3)cc(N3CCCC[C@H]3CCO)nc12,7.638272163982407
CHEMBL210839,COCCNc1nc(-c2ccc(NS(C)(=O)=O)cc2)nc2c1ncn2C(C)C,5.522878745280337
CHEMBL211243,CO/N=C1\C(c2c(O)[nH]c3ccccc23)=Nc2ccccc21,6.3979400086720375
CHEMBL212174,O=Nc1c(-c2c(O)[nH]c3c(F)cccc23)[nH]c2ccccc12,6.292429823902063
CHEMBL213650,O=Nc1c(-c2c(O)[nH]c3c(Cl)cccc23)[nH]c2ccccc12,5.221848749616356
CHEMBL2153260,Nc1nc2c(-c3ccco3)nccc2[nH]1,4.468521082957745
CHEMBL2153261,Nc1nc2c(-c3cccs3)nccc2[nH]1,4.366531544420414
CHEMBL2153263,Nc1nc2c(-c3ccsc3)nccc2[nH]1,4.958607314841775
CHEMBL2153264,Nc1nc2c(-c3ccccn3)nccc2[nH]1,5.221848749616356
CHEMBL2153265,Nc1nc2c(-c3cccnc3)nccc2[nH]1,4.221848749616356
CHEMBL2153267,Nc1nc2c(-c3ccccc3)nccc2[nH]1,4.3979400086720375
CHEMBL215919,CC[C@H](CO)Nc1nc(Nc2cccc(-c3ccccn3)c2)c2ncn(C(C)C)c2n1,7.096910013008056
CHEMBL216543,O=C1Nc2ccccc2/C1=C1/Nc2ccccc2/C1=N\O,7.0
CHEMBL2180843,O=C(Nc1ccc(-c2ccccc2)cn1)Nc1cccc2c1C1CCCCN1C2=O,5.3979400086720375
CHEMBL2180844,O=C(Nc1cccc2c1C1CCCCN1C2=O)Nc1ncccc1O,7.431798275933005
CHEMBL2180845,O=C(Nc1ccc(O)cn1)Nc1cccc2c1C1CCCCN1C2=O,5.886056647693163
CHEMBL2180846,Cc1cc(NC(=O)Nc2cccc3c2C2CCCCN2C3=O)no1,5.568636235841013
CHEMBL2180847,O=C(Nc1cc(-c2ccccc2)on1)Nc1cccc2c1C1CCCCN1C2=O,5.823908740944319
CHEMBL2180848,O=C(Nc1nc2ccccc2s1)Nc1cccc2c1C1CCCCN1C2=O,4.795880017344075
CHEMBL2180849,O=C(Nc1cc2ccccc2cn1)Nc1cccc2c1C1CCCCN1C2=O,7.167491087293763
CHEMBL2180850,O=C(Nc1ccc2cccc(O)c2n1)Nc1cccc2c1C1CCCCN1C2=O,6.154901959985743
CHEMBL2180851,O=C(Nc1cc(O)c2ccccc2n1)Nc1cccc2c1C1CCCCN1C2=O,5.0
CHEMBL2180852,O=C(Nc1cccc(Br)n1)Nc1cccc2c1C1CCCCN1C2=O,7.3979400086720375
CHEMBL2180853,O=C(Nc1ccc(Br)cn1)Nc1cccc2c1C1CCCCN1C2=O,6.886056647693163
CHEMBL2180854,O=C(Nc1cc(Br)ccn1)Nc1cccc2c1C1CCCCN1C2=O,7.6020599913279625
CHEMBL2180855,O=C(Nc1cccc(F)n1)Nc1cccc2c1C1CCCCN1C2=O,7.045757490560675
CHEMBL2180856,O=C(Nc1cccc2c1C1CCCCN1C2=O)Nc1ncc(F)cc1F,6.585026652029182
CHEMBL2180857,O=C(Nc1cccc2c1C1CCCCN1C2=O)Nc1nc(Cl)c(Cl)c(Cl)c1Cl,5.0
CHEMBL2180858,COc1cccnc1NC(=O)Nc1cccc2c1C1CCCCN1C2=O,6.229147988357855
CHEMBL2180862,O=C(Nc1ccccn1)Nc1cccc2c1C1CCCCN1C2=O,7.096910013008056
CHEMBL2180863,O=C(Nc1cnccn1)Nc1cccc2c1C1CCCCN1C2=O,7.1249387366083
CHEMBL2180865,O=C(Nc1ccncn1)Nc1cccc2c1C1CCCCN1C2=O,5.823908740944319
CHEMBL2180866,O=C(Nc1cscn1)Nc1cccc2c1C1CCCCN1C2=O,6.366531544420414
CHEMBL2180867,Cc1nc(NC(=O)Nc2cccc3c2C2CCCCN2C3=O)cs1,6.275724130399211
CHEMBL2180868,O=C(Nc1csc(-c2ccncc2)n1)Nc1cccc2c1C1CCCCN1C2=O,5.769551078621726
CHEMBL2180869,O=C(Nc1cc[nH]n1)Nc1cccc2c1C1CCCCN1C2=O,6.769551078621726
CHEMBL2180870,Cn1ccc(NC(=O)Nc2cccc3c2C2CCCCN2C3=O)n1,6.292429823902063
CHEMBL2262593,COc1ccc(C2OC(=O)C(O)=C2I)cc1OC,5.0
CHEMBL2295936,CCC[C@H](O)Nc1nc(Nc2cccc(-c3ncccn3)c2)c2ncn(C(C)C)c2n1,6.301029995663981
CHEMBL2295937,CC(C)C[C@@H](O)Nc1nc(Nc2cccc(-c3ncccn3)c2)c2ncn(C(C)C)c2n1,7.301029995663981
CHEMBL2295938,CC(C)C[C@H](O)Nc1nc(Nc2cccc(-c3ncccn3)c2)c2ncn(C(C)C)c2n1,6.045757490560675
CHEMBL2295939,CC(C)C(O)Nc1nc(Nc2cccc(-c3ncccn3)c2)c2ncn(C(C)C)c2n1,6.958607314841775
CHEMBL2295940,CC(O)C(O)Nc1nc(Nc2cccc(-c3ncccn3)c2)c2ncn(C(C)C)c2n1,6.2076083105017466
CHEMBL2295941,CC(C)CC[C@H](O)Nc1nc(Nc2cccc(-c3ncccn3)c2)c2ncn(C(C)C)c2n1,5.698970004336019
CHEMBL2295942,CC(C)n1cnc2c(Nc3cccc(-c4cncnc4)c3)nc(Cl)nc21,6.0
CHEMBL2295943,CCC[C@@H](O)Nc1nc(Nc2cccc(-c3cncnc3)c2)c2ncn(C(C)C)c2n1,7.154901959985743
CHEMBL2295944,CCC[C@H](O)Nc1nc(Nc2cccc(-c3cncnc3)c2)c2ncn(C(C)C)c2n1,6.522878745280337
CHEMBL2295945,CC(C)C[C@@H](O)Nc1nc(Nc2cccc(-c3cncnc3)c2)c2ncn(C(C)C)c2n1,7.2839966563652006
CHEMBL2295946,CC(C)C(O)Nc1nc(Nc2cccc(-c3cncnc3)c2)c2ncn(C(C)C)c2n1,6.958607314841775
CHEMBL2295947,CCC[C@@H](O)Nc1nc(Nc2ccc(-c3ncccn3)cc2)c2ncn(C(C)C)c2n1,7.0
CHEMBL2295948,CCC[C@H](O)Nc1nc(Nc2ccc(-c3ncccn3)cc2)c2ncn(C(C)C)c2n1,6.568636235841013
CHEMBL2295949,CC(C)C[C@@H](O)Nc1nc(Nc2ccc(-c3ncccn3)cc2)c2ncn(C(C)C)c2n1,7.080921907623926
CHEMBL2295950,CC(C)C[C@H](O)Nc1nc(Nc2ccc(-c3ncccn3)cc2)c2ncn(C(C)C)c2n1,6.0
CHEMBL2295951,CC(C)n1cnc2c(Nc3ccc(-c4cncnc4)cc3)nc(Cl)nc21,5.6777807052660805
CHEMBL2295952,CCC[C@@H](O)Nc1nc(Nc2ccc(-c3cncnc3)cc2)c2ncn(C(C)C)c2n1,7.221848749616356
CHEMBL2295953,CCC[C@H](O)Nc1nc(Nc2ccc(-c3cncnc3)cc2)c2ncn(C(C)C)c2n1,6.698970004336019
CHEMBL2295954,CC(C)C[C@@H](O)Nc1nc(Nc2ccc(-c3cncnc3)cc2)c2ncn(C(C)C)c2n1,7.698970004336019
CHEMBL2295955,CC(C)C[C@H](O)Nc1nc(Nc2ccc(-c3cncnc3)cc2)c2ncn(C(C)C)c2n1,6.318758762624412
CHEMBL2295956,CC(C)CC[C@H](O)Nc1nc(Nc2ccc(-c3cncnc3)cc2)c2ncn(C(C)C)c2n1,6.267606240177032
CHEMBL2295957,CC(C)n1cnc2c(Nc3ccc(-c4cncnc4)cc3)nc(NC(O)CCO)nc21,6.721246399047171
CHEMBL2295958,CC(C)C(O)Nc1nc(Nc2ccc(-c3cncnc3)cc2)c2ncn(C(C)C)c2n1,6.958607314841775
CHEMBL2295959,CC(C)n1cnc2c(Nc3cccc(-c4ncccn4)c3)nc(Cl)nc21,5.886056647693163
CHEMBL2295960,CCC[C@@H](O)Nc1nc(Nc2cccc(-c3ncccn3)c2)c2ncn(C(C)C)c2n1,6.698970004336019
CHEMBL230194,Nc1nc2c(-c3ccc[nH]3)nccc2[nH]1,4.154901959985743
CHEMBL2311568,CC(C)n1c(C(CO)CO)nc2c(Nc3ccnnc3)ncnc21,6.698970004336019
CHEMBL2314433,CC(C)[C@@H](CO)Nc1nc(Nc2ccnnc2)c2ncn(C(C)C)c2n1,6.638272163982407
CHEMBL2314434,CC(C)n1cnc2c(Nc3ccnnc3)nc(C(C)(C)CO)nc21,7.0
CHEMBL2314435,CC[C@@H](CO)Nc1nc(Nc2ccnnc2)c2ncn(C(C)C)c2n1,7.376750709602099
CHEMBL2314436,CC(C)[C@H](CO)Nc1nc(Nc2ccnnc2)c2ncn(C(C)C)c2n1,7.3872161432802645
CHEMBL2314437,CC[C@H](CO)Nc1nc(Nc2ccnnc2)c2ncn(C(C)C)c2n1,7.221848749616356
CHEMBL2314438,CC(C)n1cnc2c(Nc3ccnnc3)nc(Cl)nc21,5.522878745280337
CHEMBL2314439,CC(C)n1cnc2c(Nc3cnccn3)nc(Cc3cnccn3)nc21,4.886056647693163
CHEMBL2314440,CC(C)n1c(Nc2cncc(C(C)(C)CO)n2)nc2cncnc21,5.522878745280337
CHEMBL2314441,CC(C)[C@H](CO)Nc1cncc(Nc2nc3cncnc3n2C(C)C)n1,6.522878745280337
CHEMBL2314442,CC[C@H](CO)Nc1cncc(Nc2nc3cncnc3n2C(C)C)n1,6.045757490560675
CHEMBL2314443,CC(C)n1cnc2c(Nc3cnccn3)nc(Cl)nc21,4.920818753952375
CHEMBL2314444,CC(C)n1c(C(CO)CO)nc2c(Nc3cncnc3)ncnc21,6.522878745280337
CHEMBL2314445,CC(C)n1cnc2c(Nc3cncnc3)nc(C(C)(C)CO)nc21,6.7447274948966935
CHEMBL2314446,CC(C)[C@@H](CO)Nc1nc(Nc2cncnc2)c2ncn(C(C)C)c2n1,6.431798275933005
CHEMBL2314447,CC(C)[C@H](CO)Nc1nc(Nc2cncnc2)c2ncn(C(C)C)c2n1,7.42021640338319
CHEMBL2314448,CC[C@@H](CO)Nc1nc(Nc2cncnc2)c2ncn(C(C)C)c2n1,7.119186407719209
CHEMBL2314449,CC[C@H](CO)Nc1nc(Nc2cncnc2)c2ncn(C(C)C)c2n1,7.376750709602099
CHEMBL2314450,CC(C)n1cnc2c(Nc3cncnc3)nc(Nc3cncnc3)nc21,6.443697499232712
CHEMBL2314451,CC(C)n1cnc2c(Nc3cncnc3)nc(Cl)nc21,5.552841968657781
CHEMBL2314452,CC(C)n1cnc2c(Nc3ccncn3)nc(C(C)(C)CO)nc21,5.494850021680094
CHEMBL2314453,CC(C)n1c(C(CO)CO)nc2c(Nc3ccncn3)ncnc21,5.070581074285707
CHEMBL2314454,CC(C)[C@@H](CO)Nc1nc(Nc2ccncn2)c2ncn(C(C)C)c2n1,5.494850021680094
CHEMBL2314455,CC(C)[C@H](CO)Nc1nc(Nc2ccncn2)c2ncn(C(C)C)c2n1,6.136677139879544
CHEMBL2314456,CC[C@H](CO)Nc1nc(Nc2ccncn2)c2ncn(C(C)C)c2n1,5.7447274948966935
CHEMBL2314457,CC[C@@H](CO)Nc1nc(Nc2ccncn2)c2ncn(C(C)C)c2n1,5.318758762624412
CHEMBL2314459,CC(C)[C@@H](CO)Nc1nc(Nc2ncccn2)c2ncn(C(C)C)c2n1,5.0
CHEMBL2314461,CC[C@@H](CO)Nc1nc(Nc2ncccn2)c2ncn(C(C)C)c2n1,4.958607314841775
CHEMBL2314464,CC(C)[C@H](CO)Nc1nc(Nc2ccncc2)c2ncn(C(C)C)c2n1,7.6777807052660805
CHEMBL2314465,CC(C)[C@@H](CO)Nc1nc(Nc2ccncc2)c2ncn(C(C)C)c2n1,6.698970004336019
CHEMBL2314466,CC[C@H](CO)Nc1nc(Nc2ccncc2)c2ncn(C(C)C)c2n1,7.769551078621726
CHEMBL2314467,CC[C@@H](CO)Nc1nc(Nc2ccncc2)c2ncn(C(C)C)c2n1,7.301029995663981
CHEMBL2314468,CC(C)n1c(C(CO)CO)nc2c(Nc3cccnc3)ncnc21,6.522878745280337
CHEMBL2314469,CC(C)n1cnc2c(Nc3ccncc3)nc(Cl)nc21,5.130768280269024
CHEMBL2314470,CC(C)[C@@H](CO)Nc1nc(Nc2cccnc2)c2ncn(C(C)C)c2n1,6.522878745280337
CHEMBL2314471,CC(C)[C@H](CO)Nc1nc(Nc2cccnc2)c2ncn(C(C)C)c2n1,7.657577319177793
CHEMBL2314472,CC[C@@H](CO)Nc1nc(Nc2cccnc2)c2ncn(C(C)C)c2n1,7.045757490560675
CHEMBL2314473,CC[C@H](CO)Nc1nc(Nc2cccnc2)c2ncn(C(C)C)c2n1,7.6020599913279625
CHEMBL2314474,CC(C)n1cnc2c(Nc3cccnc3)nc(Cl)nc21,5.958607314841775
CHEMBL2314475,CC(C)[C@@H](CO)Nc1nc(Nc2ccccn2)c2ncn(C(C)C)c2n1,5.721246399047171
CHEMBL2314476,CC(C)[C@H](CO)Nc1nc(Nc2ccccn2)c2ncn(C(C)C)c2n1,5.958607314841775
CHEMBL2314477,CC[C@@H](CO)Nc1nc(Nc2ccccn2)c2ncn(C(C)C)c2n1,5.3872161432802645
CHEMBL2314478,CC[C@H](CO)Nc1nc(Nc2ccccn2)c2ncn(C(C)C)c2n1,5.638272163982407
CHEMBL2314479,CC(C)n1cnc2c(Nc3ccccn3)nc(Cl)nc21,5.6777807052660805
CHEMBL231668,CC(=O)Nn1c(Cc2csc(NC(=O)CCl)n2)nnc1SCC(=O)NNC(=O)c1ccccc1,6.437707135543525
CHEMBL231671,CC(=O)Nn1c(Cc2csc(NC(=O)c3ccccc3)n2)nnc1SCC(=O)NNC(=O)CCl,6.448550002027125
CHEMBL231672,O=C(O)CCNc1nc(Cc2nnc(SCC(=O)N/N=C/c3ccccc3)n2NC(=O)c2ccccc2)cs1,6.279014255846261
CHEMBL231673,CC(=O)Nn1c(Cc2csc(NC(=O)CCl)n2)nnc1SCC(=O)N/N=C/c1ccccc1,6.27083521030723
CHEMBL231859,Nn1c(S)nnc1CSc1nnc(Cc2csc(NC(=O)c3ccccc3)n2)n1NC(=O)c1ccc(Cl)cc1,5.497572880015567
CHEMBL231860,Nn1c(S)nnc1CSc1nnc(Cc2csc(NCCC(=O)O)n2)n1NC(=O)c1ccc(Cl)cc1,5.1771783546968955
CHEMBL231867,O=C(O)CCNc1nc(Cc2nnc(SCC(=O)NNC(=O)c3ccccc3)n2NC(=O)c2ccc(Cl)cc2)cs1,6.5718652059712115
CHEMBL232064,COC(=O)CSc1nnc(Cc2csc(NC(=O)CCl)n2)n1NC(C)=O,6.158015195409886
CHEMBL232077,CC(=O)Nc1nc(Cc2nnc(SCC(=O)NNC(=O)CCl)n2NC(=O)c2ccc(Cl)cc2)cs1,6.585026652029182
CHEMBL232087,CC(=O)Nn1c(S)nnc1Cc1csc(NC(=O)CCl)n1,6.164943898279883
CHEMBL232088,CC(=O)Nn1c(Cc2csc(NC(=O)c3ccccc3)n2)nnc1SCC(=O)NN,6.730487055782084
CHEMBL232270,COC(=O)CSc1nnc(Cc2csc(NC(C)=O)n2)n1NC(C)=O,6.330683119433888
CHEMBL232320,COC(=O)CSc1nnc(Cc2csc(NC(=O)CCl)n2)n1NC(=O)c1ccc(Cl)cc1,6.356547323513812
CHEMBL232492,O=C(O)CCNc1nc(Cc2nnc(SCC(=O)NNC(=O)CCl)n2NC(=O)c2ccc(Cl)cc2)cs1,6.7447274948966935
CHEMBL232522,COC(=O)CSc1nnc(Cc2csc(NC(C)=O)n2)n1NC(=O)c1ccc(Cl)cc1,6.42021640338319
CHEMBL232524,COC(=O)CSc1nnc(Cc2csc(NCCC(=O)O)n2)n1NC(=O)c1ccc(Cl)cc1,6.251811972993799
CHEMBL23254,CC(C)[C@H](CO)Nc1nc(Nc2ccc(C(=O)O)c(Cl)c2)c2ncn(C(C)C)c2n1,8.221848749616356
CHEMBL232677,Nn1c(S)nnc1CSc1nnc(Cc2csc(NC(=O)CCl)n2)n1NC(=O)c1ccc(Cl)cc1,5.486782399932061
CHEMBL232864,CC(=O)Nc1nc(Cc2nnc(SCC(=O)N/N=C/c3ccccc3)n2NC(=O)c2ccc(Cl)cc2)cs1,7.522878745280337
CHEMBL232912,CC(=O)Nn1c(Cc2csc(NC(=O)c3ccccc3)n2)nnc1SCC(=O)N/N=C/c1ccccc1,6.330683119433888
CHEMBL232913,CC(=O)Nn1c(Cc2csc(NCCC(=O)O)n2)nnc1SCC(=O)N/N=C/c1ccccc1,6.197226274708024
CHEMBL233073,O=C(O)CCNc1nc(Cc2nnc(SCC(=O)N/N=C/c3ccccc3)n2NC(=O)c2ccc(Cl)cc2)cs1,6.623423042943488
CHEMBL233120,CC(=O)Nn1c(Cc2csc(NC(=O)CCl)n2)nnc1SCc1nnc(S)n1N,5.333950261519484
CHEMBL233121,CC(=O)Nn1c(Cc2csc(NC(=O)c3ccccc3)n2)nnc1SCc1nnc(S)n1N,5.19777376230893
CHEMBL233122,CC(=O)Nn1c(Cc2csc(NCCC(=O)O)n2)nnc1SCc1nnc(S)n1N,5.193006486317893
CHEMBL23327,CC(C)[C@H](CO)Nc1nc(Nc2cccc(Cl)c2)c2ncn(C(C)C)c2n1,7.1249387366083
CHEMBL233331,CC(=O)Nc1nc(Cc2nnc(SCSc3nnc(Cc4csc(NC(C)=O)n4)n3NC(C)=O)n2NC(C)=O)cs1,6.072116589669293
CHEMBL233334,O=C(CCl)Nc1nc(Cc2nnc(SCSc3nnc(Cc4csc(NC(=O)CCl)n4)n3NC(=O)c3ccc(Cl)cc3)n2NC(=O)c2ccc(Cl)cc2)cs1,6.468521082957745
CHEMBL233489,NNC(=O)CSc1nnc(Cc2csc(NC(=O)CCl)n2)n1NC(=O)c1ccc(Cl)cc1,7.356547323513812
CHEMBL233491,CC(=O)Nc1nc(Cc2nnc(SCC(=O)NN)n2NC(=O)c2ccc(Cl)cc2)cs1,7.142667503568731
CHEMBL233518,O=C(CCl)Nc1nc(Cc2nnc(S)n2NC(=O)c2ccc(Cl)cc2)cs1,6.192464971931146
CHEMBL233519,O=C(Nc1nc(Cc2nnc(S)n2NC(=O)c2ccc(Cl)cc2)cs1)c1ccccc1,6.730487055782084
CHEMBL233539,CC(=O)Nn1c(Cc2csc(NC(=O)CCl)n2)nnc1SCC#N,6.3819519032879075
CHEMBL233933,O=C(O)CCNc1nc(Cc2nnc(SCSc3nnc(Cc4csc(NC(=O)CCC(=O)O)n4)n3NC(=O)c3ccccc3)n2NC(=O)c2ccccc2)cs1,6.231361898752385
CHEMBL233934,CC(=O)Nn1c(Cc2csc(NC(=O)c3ccccc3)n2)nnc1SCSc1nnc(Cc2csc(NC(=O)c3ccccc3)n2)n1NC(C)=O,6.11690664142431
CHEMBL233935,CC(=O)Nn1c(Cc2csc(NCCC(=O)O)n2)nnc1SCSc1nnc(Cc2csc(NCCC(=O)O)n2)n1NC(C)=O,6.129011186239425
CHEMBL233953,N#CCSc1nnc(Cc2csc(NCCC(=O)O)n2)n1NC(=O)c1ccc(Cl)cc1,6.370590400897281
CHEMBL234150,N#CCSc1nnc(Cc2csc(NC(=O)CCl)n2)n1NC(=O)c1ccc(Cl)cc1,6.250263684430939
CHEMBL234342,CC(=O)NNC(=O)CSc1nnc(Cc2csc(NC(=O)CCl)n2)n1NC(=O)c1ccc(Cl)cc1,6.333482019445119
CHEMBL234343,CC(=O)NNC(=O)CSc1nnc(Cc2csc(NC(C)=O)n2)n1NC(=O)c1ccc(Cl)cc1,6.193141970481182
CHEMBL234349,CC(=O)Nc1nc(Cc2nnc(S)n2NC(C)=O)cs1,6.223298816011589
CHEMBL234556,CC(=O)NNC(=O)CSc1nnc(Cc2csc(NC(=O)c3ccccc3)n2)n1NC(=O)c1ccc(Cl)cc1,6.468521082957745
CHEMBL234557,CC(=O)NNC(=O)CSc1nnc(Cc2csc(NCCC(=O)O)n2)n1NC(=O)c1ccc(Cl)cc1,6.453457336521869
CHEMBL234563,CC(=O)Nn1c(Cc2csc(NC(=O)CCl)n2)nnc1SCC(=O)NN,6.696803942579511
CHEMBL234564,CC(=O)Nc1nc(Cc2nnc(SCC(=O)NN)n2NC(C)=O)cs1,6.617982957425132
CHEMBL234572,CC(=O)Nc1nc(Cc2nnc(SCC(=O)NNC(=O)c3ccccc3)n2NC(C)=O)cs1,6.360513510731414
CHEMBL234742,CC(=O)Nc1nc(Cc2nnc(SCC#N)n2NC(C)=O)cs1,6.334419008982047
CHEMBL234743,CC(=O)Nn1c(Cc2csc(NCCC(=O)O)n2)nnc1SCC#N,6.193141970481182
CHEMBL2347574,CC(C)n1cnc2c(NCc3cc(Cl)ccc3O)nc(NCC(C)(C)O)nc21,7.161150909262744
CHEMBL2347575,CC[C@@H](Nc1nc(NCc2cc(Cl)ccc2O)c2ncn(C(C)C)c2n1)C(C)O,7.1487416512809245
CHEMBL2347577,CC[C@@H](Nc1nc(NCc2cc(F)ccc2O)c2ncn(C(C)C)c2n1)C(C)O,7.173925197299173
CHEMBL2347578,CC[C@H](CO)Nc1nc(NCc2cc(F)ccc2O)c2ncn(C(C)C)c2n1,6.619788758288394
CHEMBL2347580,CC(C)n1cnc2c(NCc3ccccc3N)nc(NCC(C)(C)O)nc21,6.130768280269024
CHEMBL2347582,CC(C)[C@H](Nc1nc(NCc2ccccc2N)c2ncn(C(C)C)c2n1)C(C)(C)O,6.170696227168975
CHEMBL2347583,CC(C)n1cnc2c(NCc3ccccc3O)nc(NCCC(C)(C)O)nc21,5.348237552619889
CHEMBL2347584,CC(C)CNc1nc(NCc2ccccc2O)c2ncn(C(C)C)c2n1,5.627087997029894
CHEMBL234763,CC(=O)Nc1nc(Cc2nnc(SCC(=O)NNC(=O)c3ccccc3)n2NC(=O)c2ccc(Cl)cc2)cs1,6.272458742971444
CHEMBL234765,CC(=O)Nn1c(Cc2csc(NC(=O)CCl)n2)nnc1SCSc1nnc(Cc2csc(NC(=O)CCl)n2)n1NC(C)=O,6.072116589669293
CHEMBL234777,CC(=O)NNC(=O)CSc1nnc(Cc2csc(NC(C)=O)n2)n1NC(C)=O,6.4156687756324695
CHEMBL234778,CC(=O)NNC(=O)CSc1nnc(Cc2csc(NC(=O)c3ccccc3)n2)n1NC(C)=O,6.191789027075778
CHEMBL234780,CC(=O)Nn1c(Cc2csc(NCCC(=O)O)n2)nnc1SCC(=O)NNC(=O)c1ccccc1,6.3223930472795065
CHEMBL2349192,CC(C)n1cnc2c(NCc3cc(Cl)ccc3O)nc(NC3CCC(O)CC3)nc21,6.259637310505756
CHEMBL2349193,CC(C)n1cnc2c(NCc3cc(Cl)ccc3O)nc(NC3CCC(N)CC3)nc21,6.903089986991944
CHEMBL2349194,CC[C@H](CO)Nc1nc(NCc2cc(Cl)ccc2O)c2ncn(C(C)C)c2n1,6.823908740944319
CHEMBL235660,O=C(CCl)Nc1cc(-c2ccccc2)c(-c2nnc3n2N=C(c2cc(F)c(Cl)cc2Cl)/C(=C/c2ccc(Cl)cc2)S3)s1,5.611188586526477
CHEMBL235670,CC(=O)Nc1cc(C)c(-c2nnc3n2N=C(c2cc(F)c(Cl)cc2Cl)/C(=C/c2ccccc2Cl)S3)s1,5.483596851552597
CHEMBL235671,CC(=O)Nc1cc(C)c(-c2nnc3n2N=C(c2cc(F)c(Cl)cc2Cl)/C(=C/c2ccc(Cl)cc2)S3)s1,5.4703130462270835
CHEMBL235764,O=c1[nH]c2ccccc2cc1-c1csc(-c2ccncc2)n1,7.267606240177032
CHEMBL235886,Cc1cc(NC(=O)CCl)sc1-c1nnc2n1N=C(c1cc(F)c(Cl)cc1Cl)/C(=C/c1ccc(Cl)cc1)S2,5.52753610339301
CHEMBL235887,CC(=O)Nc1cc(C)c(-c2nnc3n2N=C(c2cc(F)c(Cl)cc2Cl)/C(=C/c2cccc([N+](=O)[O-])c2)S3)s1,5.516270100999976
CHEMBL235962,O=c1[nH]c2ccc(Cl)cc2cc1-c1csc(-c2ccncc2)n1,7.958607314841775
CHEMBL235963,O=c1[nH]c2cc(C(F)(F)F)ccc2cc1-c1csc(-c2ccncc2)n1,8.200659450546418
CHEMBL235965,CC(=O)Nc1cc(C)c(-c2nnc3sc(-c4cccc([N+](=O)[O-])c4)nn23)s1,7.1938200260161125
CHEMBL235967,Cc1cc(NC(=O)CCl)sc1-c1nnc2sc(-c3cccc([N+](=O)[O-])c3)nn12,7.275724130399211
CHEMBL235972,CC(=O)Nc1cc(-c2ccccc2)c(-c2nnc(S)n2N)s1,7.267606240177032
CHEMBL236102,CC(=O)Nc1cc(-c2ccccc2)c(-c2nnc3n2N=C(c2cc(F)c(Cl)cc2Cl)/C(=C/c2ccccc2)S3)s1,5.838033383635925
CHEMBL236996,CCN(CCN(C)C)C(=O)c1ccc2cc(-c3csc(-c4ccncc4)n3)c(=O)[nH]c2c1,8.080921907623926
CHEMBL237659,CC(=O)Nc1cc(-c2ccccc2)c(-c2nnc3sc(=S)[nH]n23)s1,5.686554629573586
CHEMBL237674,CC(=O)Nc1cc(-c2ccccc2)c(-c2nnc3sc(-c4ccccc4)nn23)s1,7.42021640338319
CHEMBL2377825,Nc1nc(Nc2ccc(S(N)(=O)=O)cc2)sc1C(=O)c1ccccc1[N+](=O)[O-],8.823908740944319
CHEMBL237855,O=C(CCl)Nc1cc(-c2ccccc2)c(-c2nnc3sc(-c4ccccc4)nn23)s1,7.552841968657781
CHEMBL237856,CC(=O)Nc1cc(-c2ccccc2)c(-c2nnc3sc(-c4cccc([N+](=O)[O-])c4)nn23)s1,7.221848749616356
CHEMBL237857,O=C(CCl)Nc1cc(-c2ccccc2)c(-c2nnc3sc(-c4cccc([N+](=O)[O-])c4)nn23)s1,7.318758762624412
CHEMBL238089,CN1CCN(c2cccc(NC(=O)Nc3csc(-c4ccncc4)n3)n2)CC1,7.823908740944319
CHEMBL238104,O=c1[nH]c2ccc(F)cc2cc1-c1csc(-c2ccncc2)n1,6.958607314841775
CHEMBL238105,CC(=O)Nc1cc(C)c(-c2nnc3sc(-c4ccccc4)nn23)s1,7.376750709602099
CHEMBL238116,O=C(CCl)Nc1cc(-c2ccccc2)c(-c2nnc3n2NC(=O)CS3)s1,6.1979107421182675
CHEMBL238267,CC(=O)Nc1cc(-c2ccccc2)c(-c2nnc3n2N=C(C)CS3)s1,6.3487219860018556
CHEMBL238463,O=C1Nc2cccc(Br)c2CN1c1csc(-c2ccncc2)n1,6.642065152999546
CHEMBL238494,O=C1Nc2cc(-c3ccccc3)ccc2CN1c1csc(-c2ccncc2)n1,6.94692155651658
CHEMBL238575,CC1=Nn2c(nnc2-c2sc(NC(=O)CCl)cc2C)SC1,6.335358024443875
CHEMBL238576,Cc1cc(NC(=O)CCl)sc1-c1nnc2n1NC(c1ccccc1)=C(c1ccccc1)S2,7.142667503568731
CHEMBL238682,Cc1cccc2c1CN(c1csc(-c3ccncc3)n1)C(=O)N2,5.8996294548824375
CHEMBL238683,COc1cccc2c1CN(c1csc(-c3ccncc3)n1)C(=O)N2,6.441291429466834
CHEMBL238684,O=C1Nc2ccc(F)cc2CN1c1csc(-c2ccncc2)n1,7.142667503568731
CHEMBL238709,CN1CCN(c2ccc3c(c2)CN(c2csc(-c4ccncc4)n2)C(=O)N3)CC1,5.933674074637962
CHEMBL238716,O=C1Nc2ccccc2CN1c1nc(-c2cccnc2)cs1,6.399027104313252
CHEMBL238789,CC(=O)Nc1cc(C)c(-c2nnc3n2Nc2nc4ccccc4nc2S3)s1,7.468521082957745
CHEMBL238790,O=c1[nH]c2ccccc2cc1-c1csc(C[S+]([O-])c2ccccc2)n1,6.920818753952375
CHEMBL238997,Cc1cc(NC(=O)CCl)sc1-c1nnc2n1Nc1nc3ccccc3nc1S2,7.1938200260161125
CHEMBL238999,CC(=O)Nc1cc(C)c(-c2nnc3sc(=S)[nH]n23)s1,5.486782399932061
CHEMBL239106,Cc1ccc2c(c1)CN(c1csc(-c3ccncc3)n1)C(=O)N2,6.782516055786093
CHEMBL239203,CC(=O)Nc1cc(C)c(-c2nnc(S)n2N)s1,7.236572006437063
CHEMBL239205,Cc1cc(NC(=O)CCl)sc1-c1nnc(S)n1N,7.337242168318426
CHEMBL239213,Cc1cc(NC(=O)CCl)sc1-c1nnc2sc(=S)[nH]n12,5.126098402135539
CHEMBL239215,CC(=O)Nc1cc(-c2ccccc2)c(-c2nnc3n2Nc2nc4ccccc4nc2S3)s1,7.267606240177032
CHEMBL239636,O=c1[nH]c2ccccc2cc1-c1csc(CS(=O)(=O)c2ccccn2)n1,8.0
CHEMBL239637,Cc1cc(NC(=O)CCl)sc1-c1nnc2n1NC(=O)CS2,6.086186147616283
CHEMBL239698,O=C1NC(=O)c2c1c1c3cc(O)ccc3[nH]c1c1cccn21,5.585026652029182
CHEMBL239709,O=C(Nc1ccccn1)Nc1csc(-c2ccncc2)n1,6.716698771296451
CHEMBL239853,CC(=O)Nc1cc(C)c(-c2nnc3n2NC(=O)CS3)s1,6.200659450546418
CHEMBL239855,O=c1[nH]c2ccccc2cc1-c1csc(CS(=O)(=O)c2ccc(Cl)cc2)n1,6.619788758288394
CHEMBL239856,O=C(CCl)Nc1cc(-c2ccccc2)c(-c2nnc3n2NC(c2ccccc2)=C(c2ccccc2)S3)s1,7.2076083105017466
CHEMBL240048,Nc1c(-c2csc(-c3ccncc3)n2)c(=O)[nH]c2ccc(N3CCCCC3)cc12,6.6020599913279625
CHEMBL240264,O=c1[nH]c2ccccc2cc1-c1csc(-c2ccccc2)n1,5.853871964321762
CHEMBL2402946,NC1CCC(Nc2nc(NCc3ccc(-c4ccccc4O)nc3)c3ncn(C4CCCC4)c3n2)CC1,7.7281583934635005
CHEMBL240353,CCc1cc(-c2nc(N3Cc4ccccc4NC3=O)cs2)ccn1,6.127261172527331
CHEMBL240478,O=c1[nH]c2ccccc2cc1-c1csc(-c2cccnc2)n1,7.301029995663981
CHEMBL240799,O=C1Nc2ccccc2CN1c1csc(-c2ccncc2)n1,7.102372908709558
CHEMBL241116,O=C(c1ccc2cc(-c3csc(-c4ccncc4)n3)c(=O)[nH]c2c1)N1CCCCC1,8.568636235841012
CHEMBL241325,O=c1[nH]c2ccccc2c(-c2ccccc2)c1-c1csc(-c2ccncc2)n1,6.327902142064283
CHEMBL241326,Nc1c(-c2csc(-c3ccncc3)n2)c(=O)[nH]c2ccccc12,7.958607314841775
CHEMBL241335,Nc1ccc(-c2nc(-c3cc4ccccc4[nH]c3=O)cs2)cc1,6.769551078621726
CHEMBL241439,O=C1Nc2ccccc2CN1c1nc(-c2ccncc2)ns1,6.210419287835575
CHEMBL241451,O=C1Nc2cccc(Cl)c2CN1c1csc(-c2ccncc2)n1,6.478861916295964
CHEMBL241545,O=c1[nH]c2ccccc2cc1-c1csc(-c2ccc(O)cc2)n1,7.619788758288394
CHEMBL241764,CC(=O)Nc1cc(C)c(-c2nnc3n2N=C(C)CS3)s1,6.192464971931146
CHEMBL241765,CS(=O)(=O)Cc1nc(-c2cc3ccccc3[nH]c2=O)cs1,6.522878745280337
CHEMBL2417912,O=C1/C(=C/c2ccc(O)c(O)c2)Oc2cc(O[C@@H]3O[C@H](CO)[C@@H](O)[C@H](O)[C@H]3O)cc(O)c21,4.632178347581463
CHEMBL2417913,O=C1c2c(O[C@@H]3O[C@H](CO)[C@@H](O)[C@H](O)[C@H]3O)cc(O)cc2OC1(O)Cc1ccc(O)cc1,4.35222594973117
CHEMBL241938,O=C(CSc1nnc(Cc2csc(NC(=O)c3ccccc3)n2)n1NC(=O)c1ccccc1)N/N=C/c1ccccc1,6.304518323509803
CHEMBL241941,N#CCSc1nnc(Cc2csc(NC(=O)CCl)n2)n1NC(=O)c1ccccc1,6.182434630440219
CHEMBL242151,CC(=O)Nc1nc(Cc2nnc(SCC#N)n2NC(=O)c2ccccc2)cs1,6.403402904373539
CHEMBL2425903,CNS(=O)(=O)c1ccc(Nc2nc(N)c(/[N+]([O-])=N/C#N)c(OCC3CCCCC3)n2)cc1,6.110698297493689
CHEMBL2425904,N#C/N=[N+](\[O-])c1c(N)nc(Nc2ccc(S(=O)(=O)NCCO)cc2)nc1OCC1CCCCC1,6.251811972993799
CHEMBL242782,O=C(CCl)Nc1nc(Cc2nnc(S)n2NC(=O)c2ccccc2)cs1,6.118615343229427
CHEMBL242996,CC(=O)Nc1nc(Cc2nnc(S)n2NC(=O)c2ccccc2)cs1,6.241088107602026
CHEMBL242997,O=C(Nc1nc(Cc2nnc(S)n2NC(=O)c2ccccc2)cs1)c1ccccc1,6.048662481204082
CHEMBL243209,Nn1c(S)nnc1Cc1csc(NC(=O)CCl)n1,6.4089353929735005
CHEMBL243210,Nn1c(S)nnc1Cc1csc(NC(=O)c2ccccc2)n1,6.200659450546418
CHEMBL243211,Nn1c(S)nnc1Cc1csc(NCCC(=O)O)n1,6.578396073130169
CHEMBL243438,O=C(CCl)NNC(=O)CSc1nnc(Cc2csc(NC(=O)CCl)n2)n1NC(=O)c1ccccc1,6.275724130399211
CHEMBL243439,O=C(CCl)NNC(=O)CSc1nnc(Cc2csc(NC(=O)c3ccccc3)n2)n1NC(=O)c1ccccc1,6.266000713461613
CHEMBL243458,O=C(CSc1nnc(Cc2csc(NC(=O)CCl)n2)n1NC(=O)c1ccccc1)N/N=C/c1ccccc1,6.330683119433888
CHEMBL243459,CC(=O)Nc1nc(Cc2nnc(SCC(=O)N/N=C/c3ccccc3)n2NC(=O)c2ccccc2)cs1,6.314258261397736
CHEMBL243704,COC(=O)CSc1nnc(Cc2csc(NC(C)=O)n2)n1NC(=O)c1ccccc1,6.231361898752385
CHEMBL244070,O=C(Nc1nc(Cc2nnc(SCSc3nnc(Cc4csc(NC(=O)c5ccccc5)n4)n3NC(=O)c3ccccc3)n2NC(=O)c2ccccc2)cs1)c1ccccc1,6.156144577376839
CHEMBL244080,N#CCSc1nnc(Cc2csc(NCCC(=O)O)n2)n1NC(=O)c1ccccc1,6.3124710387853655
CHEMBL244081,COC(=O)CSc1nnc(Cc2csc(NC(=O)CCl)n2)n1NC(=O)c1ccccc1,6.17134010346468
CHEMBL244318,CC(=O)Nc1nc(Cc2nnc(SCC(=O)NNC(=O)c3ccccc3)n2NC(=O)c2ccccc2)cs1,6.375717904164332
CHEMBL244336,O=C(O)CCNc1nc(Cc2nnc(SCC(=O)NNC(=O)CCl)n2NC(=O)c2ccccc2)cs1,6.335358024443875
CHEMBL244489,NNC(=O)CSc1nnc(Cc2csc(NC(=O)CCl)n2)n1NC(=O)c1ccccc1,6.609064892896621
CHEMBL244490,CC(=O)Nc1nc(Cc2nnc(SCC(=O)NN)n2NC(=O)c2ccccc2)cs1,6.705533773838407
CHEMBL244504,CC(=O)NNC(=O)CSc1nnc(Cc2csc(NC(=O)c3ccccc3)n2)n1NC(=O)c1ccccc1,6.248720896016658
CHEMBL244527,Nn1c(S)nnc1CSc1nnc(Cc2csc(NC(=O)CCl)n2)n1NC(=O)c1ccccc1,5.1558335895497995
CHEMBL244528,CC(=O)Nc1nc(Cc2nnc(SCc3nnc(S)n3N)n2NC(=O)c2ccccc2)cs1,5.184621515034082
CHEMBL244691,CC(=O)NNC(=O)CSc1nnc(Cc2csc(NCCC(=O)O)n2)n1NC(=O)c1ccccc1,6.3260580013659125
CHEMBL244692,O=C(CSc1nnc(Cc2csc(NC(=O)CCl)n2)n1NC(=O)c1ccccc1)NNC(=O)c1ccccc1,6.330683119433888
CHEMBL244703,Nn1c(S)nnc1CSc1nnc(Cc2csc(NC(=O)c3ccccc3)n2)n1NC(=O)c1ccccc1,5.332266947466732
CHEMBL244852,O=C(CSc1nnc(Cc2csc(NC(=O)c3ccccc3)n2)n1NC(=O)c1ccccc1)NNC(=O)c1ccccc1,6.334419008982047
CHEMBL251254,O=c1c(O[C@@H]2O[C@H](CO)[C@H](O)[C@H](O)[C@H]2O)c(-c2ccc(O)c(O)c2)oc2cc(O)cc(O)c12,4.988006885340743
CHEMBL253769,CC(=O)O/N=C1C(=C2/C(=O)Nc3cc(Cl)c(Cl)cc32)/Nc2ccccc2/1,7.0
CHEMBL253770,O=C1Nc2ccc(Br)cc2/C1=C1/Nc2ccccc2/C1=N\O,7.552841968657781
CHEMBL255465,NC1=N/C(=C2/CCNC(=O)c3[nH]ccc32)C(=O)N1,6.950781977329818
CHEMBL259638,N#Cc1ccc2[nH]c3c(c2c1)CC(=O)Nc1cccnc1-3,6.522878745280337
CHEMBL265602,O=C(O)CCNc1nc(Cc2nnc(SCSc3nnc(Cc4csc(NCCC(=O)O)n4)n3NC(=O)c3ccc(Cl)cc3)n2NC(=O)c2ccc(Cl)cc2)cs1,6.774690718274137
CHEMBL269538,COc1ccc2c(c1)[nH]c1c(C)nccc12,4.853871964321762
CHEMBL273547,Cc1[nH]cnc1-c1[nH]ccc2c3ccccc3nc1-2,5.301029995663981
CHEMBL28,O=c1cc(-c2ccc(O)cc2)oc2cc(O)cc(O)c12,5.795880017344075
CHEMBL280074,Cn1cnc2c(NCc3ccccc3)nc(NCCO)nc21,5.154901959985743
CHEMBL296271,Nc1nccc(-c2c[nH]c3cc(Br)c(Br)cc23)n1,4.698970004336019
CHEMBL296468,CC(C)(C)c1cnc(CSc2cnc(NC(=O)C3CCNCC3)s2)o1,6.468521082957745
CHEMBL296586,O=C1Cc2c([nH]c3ccc(Br)cc23)-c2ccccc2N1,6.070581074285707
CHEMBL296682,Nc1nccc(-c2c[nH]c3c(Br)ccc(O)c23)n1,6.823908740944319
CHEMBL299756,N#Cc1ccc2[nH]c3c(c2c1)CC(=O)Nc1ccccc1-3,7.3570411205902095
CHEMBL31574,O=c1c(O)c(-c2ccc(O)c(O)c2)oc2cc(O)ccc12,6.2441251443275085
CHEMBL316485,CN1C(=O)Cc2c([nH]c3ccc(Br)cc23)-c2ccccc21,3.8859999926624798
CHEMBL316512,O=C1Cc2c([nH]c3cc(Cl)cc(Cl)c23)-c2ccccc2N1,3.455999996312085
CHEMBL316940,O=C1Cc2c([nH]c3ccccc23)-c2cc(Br)ccc2N1,5.300999596114219
CHEMBL317150,CCc1cccc2c3c([nH]c12)-c1ccccc1NC(=O)C3,4.637999965544002
CHEMBL317964,Cc1ccc2[nH]c3c(c2c1)CC(=O)Nc1ccccc1-3,5.201000126152667
CHEMBL318208,Cn1c2c(c3cc(Br)ccc31)CC(=O)Nc1ccccc1-2,3.397999999740579
CHEMBL318471,O=C1Cc2c([nH]c3c(Cl)cccc23)-c2ccccc2N1,5.538000537775312
CHEMBL318911,O=C1Cc2c([nH]c3c(Br)cccc23)-c2ccccc2N1,5.770000934050708
CHEMBL319373,COc1cc2c(cc1OC)-c1[nH]c3ccc(Br)cc3c1CC(=O)N2,6.301003938776766
CHEMBL321192,COc1ccc2c(c1)C(=O)C(c1c(O)[nH]c3ccccc13)=N2,5.920818753952375
CHEMBL321194,COc1ccc2c(c1)C(=O)C(c1c(O)[nH]c3ccc(OC)cc13)=N2,6.096910013008056
CHEMBL323657,O=C1Cc2c([nH]c3ccc(Br)cc23)-c2sccc2N1,5.397999728269116
CHEMBL324064,C=C(C)n1c2c(c3cc(Br)ccc31)CC(=O)Nc1ccccc1-2,3.620000003443366
CHEMBL325403,COc1ccc2c(c1)-c1[nH]c3ccc([N+](=O)[O-])cc3c1CC(=O)N2,7.155026061853112
CHEMBL325452,O=C(NOc1ccccc1)Nc1csc(Cc2ccccc2)n1,4.698970004336019
CHEMBL325654,COc1cc2c(cc1OC)-c1[nH]c3ccc(C#N)cc3c1CC(=O)N2,7.221993538576491
CHEMBL3263773,COc1ccccc1-c1cc(Nc2cccc(CS(N)(=O)=O)c2)ncn1,5.304518323509803
CHEMBL326919,Cc1ccc2c(c1)C(=O)C(c1c(O)[nH]c3ccccc13)=N2,5.721246399047171
CHEMBL327004,O=C(Nc1csc(Cc2c(Cl)cccc2Cl)n1)NN1CCOCC1,6.0
CHEMBL328164,CSC1=Nc2ccccc2-c2[nH]c3ccc(Br)cc3c2C1,3.347000004724818
CHEMBL328194,COc1cc2c(cc1OC)-c1[nH]c3ccc(C(F)(F)F)cc3c1CC(=O)N2,6.3669963871985225
CHEMBL328627,CCn1c2c(c3cc(Br)ccc31)CC(=O)Nc1ccccc1-2,3.5849999938476396
CHEMBL329063,O=C1Cc2c([nH]c3ccc(Br)cc23)-c2cc(O)c(O)cc2N1,5.0970001384638906
CHEMBL3290949,O=C1NCC(O)Cn2c1c(I)c1ccccc12,6.366531544420414
CHEMBL3290950,COc1cccc2c1c(I)c1n2CC(O)CNC1=O,5.5376020021010435
CHEMBL3291223,COc1ccc2c(c1)c(I)c1n2CC(O)CNC1=O,4.638272163982407
CHEMBL3291224,COc1ccc2c(I)c3n(c2c1)CC(O)CNC3=O,6.136677139879544
CHEMBL3291226,O=C1NCC(O)Cn2c1c(Br)c1ccccc12,5.259637310505756
CHEMBL3291227,COc1ccc2c(Br)c3n(c2c1)CC(O)CNC3=O,6.0
CHEMBL3291228,O=C1NCC(O)Cn2c1c(I)c1ccc(O)cc12,6.3979400086720375
CHEMBL329505,O=C1Cc2c([nH]c3ccc(C(F)(F)F)cc23)-c2ccccc2N1,6.2220007792917675
CHEMBL3301610,CCN1CCN(Cc2ccc(Nc3ncc(F)c(-c4cc(F)c5nc(C)n(C(C)C)c5c4)n3)nc2)CC1,6.392544976785332
CHEMBL330398,COc1cccc2c1NC(=O)Cc1c-2[nH]c2ccc(Br)cc12,3.397999999740579
CHEMBL331000,O=C1Cc2c([nH]c3ccc(Br)cc23)-c2ccc(O)cc2N1,6.081000401671536
CHEMBL331120,CSC1=Nc2ccccc2-c2c(c3cc([N+](=O)[O-])ccc3n2C)C1,3.070999997461433
CHEMBL331190,COc1cc2c(cc1OC)-c1[nH]c3ccc([N+](=O)[O-])cc3c1CC(=O)N2,7.677987561417599
CHEMBL331502,SC1=Nc2ccccc2-c2cc(-c3ccccn3)cc(-c3cccs3)c2C1,3.154999997519168
CHEMBL331722,O=C1Cc2c([nH]c3ccc(Cl)cc23)-c2cccnc2N1,4.3769999834366455
CHEMBL331759,Brc1ccc2[nH]c3c(c2c1)CCCc1ccccc1-3,3.0660000007610884
CHEMBL331783,O=C1Cc2c([nH]c3ncccc23)-c2ccccc2N1,5.480999396660359
CHEMBL332112,O=C(Nc1csc(Cc2ccccc2)n1)NN1CCOCC1,4.259637310505756
CHEMBL332359,COc1ccc2c(c1)NC(=O)Cc1c-2[nH]c2ccc(C#N)cc12,6.0
CHEMBL332678,CC(=O)OCn1c2c(c3cc(Br)ccc31)CC(=O)Nc1ccccc1-2,3.455999996312085
CHEMBL333006,O=C1Cc2c([nH]c3ccc([N+](=O)[O-])cc23)-c2cc(Br)ccc2N1,6.9209997476961505
CHEMBL333066,O=C1Cc2c([nH]c3ccc(Br)cc23)-c2cc(I)ccc2N1,4.5229999303468915
CHEMBL333136,O=C(Nc1csc(-c2ccccc2)n1)NN1CCOCC1,5.045757490560675
CHEMBL333894,CC(=O)Cc1ccc2c(c1)-c1[nH]c3ccc(C(F)(F)F)cc3c1CC(=O)N2,6.376998948809717
CHEMBL334031,O=C1Cc2c([nH]c3ccc(Cl)cc23)-c2sccc2N1,5.300999596114219
CHEMBL334084,COc1ccc2c(c1)NC(=O)Cc1c-2[nH]c2ccc(C(F)(F)F)cc12,5.6579999748624346
CHEMBL334091,O=C(Nc1csc(Cc2c(Cl)cccc2Cl)n1)NN1CCCC1,5.522878745280337
CHEMBL336961,O=C1Cc2c([nH]c3ccc(Br)cc23)-c2ncccc2N1,5.376750709602099
CHEMBL337300,O=Nc1c(-c2c(O)[nH]c3ccc(I)cc23)[nH]c2ccccc12,7.698970004336019
CHEMBL352781,CC(=O)O/N=C1/C(c2c(O)[nH]c3cc(F)ccc23)=Nc2ccccc21,6.522878745280337
CHEMBL353554,CC(=O)O/N=C1/C(c2c(O)[nH]c3cc(I)ccc23)=Nc2ccccc21,5.886056647693163
CHEMBL354042,O=Nc1c(-c2c(O)[nH]c3ccccc23)[nH]c2cc(Br)ccc12,5.920818753952375
CHEMBL354276,CO/N=C1/C(c2c(O)[nH]c3cc(Br)ccc23)=Nc2ccccc21,5.657577319177793
CHEMBL3545083,COCCN1CCN(Cc2ccc(-c3n[nH]c4c3C(=O)c3c(NC(=O)NN5CCOCC5)cccc3-4)cc2)CC1,8.455931955649724
CHEMBL3609564,O=C(Nc1ccccn1)Nc1cccc2c1C1CC3(CCN1C2=O)OCCO3,4.958607314841775
CHEMBL3609565,O=C(Nc1ccccn1)Nc1cccc2c1C1CC3(CCN1C2=O)SCCS3,6.619788758288394
CHEMBL3609566,CO[C@@H]1CCN2C(=O)c3cccc(NC(=O)Nc4ccccn4)c3[C@@H]2C1,6.259637310505756
CHEMBL3609567,O=C1CCN2C(=O)c3cccc(NC(=O)Nc4ccccn4)c3C2C1,5.795880017344075
CHEMBL3609568,O=C(Nc1ccccn1)Nc1cccc2c1[C@@H]1C[C@H](O)CCN1C2=O,5.6777807052660805
CHEMBL3609569,O=C(Nc1cnccn1)Nc1cccc2c1C1CC3(CCN1C2=O)OCCO3,5.1487416512809245
CHEMBL3609654,O=C(Nc1cnccn1)Nc1cccc2c1C1CC3(CCN1C2=O)SCCS3,6.823908740944319
CHEMBL3609655,CO[C@@H]1CCN2C(=O)c3cccc(NC(=O)Nc4cnccn4)c3[C@@H]2C1,6.318758762624412
CHEMBL3609656,O=C1CCN2C(=O)c3cccc(NC(=O)Nc4cnccn4)c3C2C1,5.443697499232712
CHEMBL3609657,O=C(Nc1cnccn1)Nc1cccc2c1[C@@H]1C[C@H](O)CCN1C2=O,7.075720713938118
CHEMBL3609660,CO[C@@H]1CCN2C(=O)c3cccc(NC(=O)Nc4cccc(C)n4)c3[C@@H]2C1,5.366531544420414
CHEMBL3609662,Cc1cccc(NC(=O)Nc2cccc3c2[C@@H]2C[C@H](O)CCN2C3=O)n1,6.0
CHEMBL3609665,COc1cc(NC(=O)Nc2cccc3c2[C@@H]2C[C@H](OC)CCN2C3=O)nc2ccccc12,5.070581074285707
CHEMBL3609667,COc1cc(NC(=O)Nc2cccc3c2[C@@H]2C[C@H](O)CCN2C3=O)nc2ccccc12,5.309803919971486
CHEMBL3609668,Cc1cccnc1NC(=O)Nc1cccc2c1C1CC3(CCN1C2=O)OCCO3,5.508638306165727
CHEMBL3609669,CO[C@@H]1CCN2C(=O)c3cccc(NC(=O)Nc4ncccc4C)c3[C@@H]2C1,5.958607314841775
CHEMBL3609671,Cc1cccnc1NC(=O)Nc1cccc2c1[C@@H]1C[C@H](O)CCN1C2=O,6.200659450546418
CHEMBL3609673,CO[C@@H]1CCN2C(=O)c3cccc(NC(=O)Nc4ccn(C)n4)c3[C@@H]2C1,5.638272163982407
CHEMBL3609674,Cc1cnc(NC(=O)Nc2cccc3c2C2CC4(CCN2C3=O)SCCS4)cn1,6.657577319177793
CHEMBL3609675,CO[C@@H]1CCN2C(=O)c3cccc(NC(=O)Nc4cnc(C)cn4)c3[C@@H]2C1,6.494850021680094
CHEMBL3609744,CO[C@@H]1CCN2C(=O)c3cccc(NC(=O)Nc4cc(C)ccn4)c3[C@@H]2C1,6.494850021680094
CHEMBL3609746,O=C(Nc1ccc(Br)cn1)Nc1cccc2c1C1CC3(CCN1C2=O)SCCS3,5.136677139879544
CHEMBL361537,CCOc1cnc2oc3ccc(O)cc3c2c1-c1ccccc1,5.229147988357856
CHEMBL361708,NC1=NC(=O)/C(=C2\CCNC(=O)c3[nH]c(Br)cc32)N1,7.576754126063192
CHEMBL3655762,CC[C@H](Nc1nc(NCc2cnc(C)cc2C)c2ncn(C(C)C)c2n1)[C@@H](C)O,7.6777807052660805
CHEMBL365855,O=C(Cc1ccccc1)Nc1ncc(C2CCC2)s1,7.1938200260161125
CHEMBL366414,O=Nc1c(-c2c(O)[nH]c3cc(Cl)c(Cl)cc23)[nH]c2ccccc12,7.221848749616356
CHEMBL367664,O=C1C(c2c(O)[nH]c3cc(Cl)c(Cl)cc23)=Nc2ccccc21,4.221848749616356
CHEMBL368954,C=Cc1ccc2c(C3=Nc4ccccc4/C3=N\OC(C)=O)c(O)[nH]c2c1,6.3979400086720375
CHEMBL369823,C=Cc1ccc2c(-c3[nH]c4ccccc4c3N=O)c(O)[nH]c2c1,6.376750709602099
CHEMBL373834,O=Nc1c(-c2c(O)[nH]c3c(Br)cccc23)[nH]c2ccccc12,4.481486060122112
CHEMBL3753668,N#C/C(=C\c1cccnc1)c1c[nH]c2ncccc12,6.886056647693163
CHEMBL3763161,c1cnc2[nH]c(-c3cnnn3CCCc3c[nH]c4ncccc34)cc2c1,4.97061622231479
CHEMBL377061,COc1ccc(CNc2nc(-c3ccc(C=O)cc3)nc3c2ncn3C(C)C)cc1,5.886056647693163
CHEMBL377410,Oc1[nH]c2c(Br)cccc2c1C1=Nc2ccccc2/C1=N\OCCBr,4.6020599913279625
CHEMBL3785408,Cc1cccc(NC(=O)Nc2cccc3c2C2CCCCN2C3=O)n1,7.455931955649724
CHEMBL3785571,Cc1cccnc1NC(=O)Nc1cccc2c1C1CCCCN1C2=O,7.017728766960431
CHEMBL3785573,O=C(Nc1cccc(CN2CCOCC2)n1)Nc1cccc2c1C1CCCCN1C2=O,5.7447274948966935
CHEMBL3785575,Cc1ccc(NC(=O)Nc2cccc3c2C2CCCCN2C3=O)nc1,7.356547323513812
CHEMBL3785771,Cc1nccnc1NC(=O)Nc1cccc2c1C1CCCCN1C2=O,6.795880017344075
CHEMBL3785795,COc1cc(NC(=O)Nc2cccc3c2C2CCCCN2C3=O)nc2ccccc12,6.823908740944319
CHEMBL3785804,COCc1cccc(NC(=O)Nc2cccc3c2C2CCCCN2C3=O)n1,5.920818753952375
CHEMBL3786276,O=C(Nc1cc(CN2CCOCC2)ccn1)Nc1cccc2c1C1CCCCN1C2=O,7.173925197299173
CHEMBL3786332,O=C(Nc1cccc(CO)n1)Nc1cccc2c1C1CCCCN1C2=O,6.795880017344075
CHEMBL3786430,O=C(Nc1cc(CN2CCCCC2)ccn1)Nc1cccc2c1C1CCCCN1C2=O,6.920818753952375
CHEMBL3786536,Cc1cnc(NC(=O)Nc2cccc3c2C2CCCCN2C3=O)cn1,7.638272163982407
CHEMBL3786624,O=Cc1cccc(NC(=O)Nc2cccc3c2C2CCCCN2C3=O)n1,7.6020599913279625
CHEMBL3786745,O=C(Nc1cccc(CN2CCCCC2)n1)Nc1cccc2c1C1CCCCN1C2=O,6.119186407719209
CHEMBL3787033,Cc1cncc(NC(=O)Nc2cccc3c2C2CCCCN2C3=O)n1,6.0915149811213505
CHEMBL3787061,O=C(Nc1cccc(CN2CCCC2)n1)Nc1cccc2c1C1CCCCN1C2=O,5.292429823902063
CHEMBL3787081,COCc1ccnc(NC(=O)Nc2cccc3c2C2CCCCN2C3=O)c1,6.3872161432802645
CHEMBL3787093,COC(=O)c1cccc(NC(=O)Nc2cccc3c2C2CCCCN2C3=O)n1,6.494850021680094
CHEMBL3787135,O=C(Nc1ccc2ccccc2n1)Nc1cccc2c1C1CCCCN1C2=O,6.3979400086720375
CHEMBL3787292,O=C(Nc1cc(CF)ccn1)Nc1cccc2c1C1CCCCN1C2=O,7.366531544420414
CHEMBL3787480,Cc1ccnc(NC(=O)Nc2cccc3c2C2CCCCN2C3=O)c1,7.3979400086720375
CHEMBL3787512,O=C(Nc1cc(CO)ccn1)Nc1cccc2c1C1CCCCN1C2=O,7.3872161432802645
CHEMBL3787557,CN1CCN(Cc2ccnc(NC(=O)Nc3cccc4c3C3CCCCN3C4=O)c2)CC1,6.886056647693163
CHEMBL3787584,CCN(CC)Cc1cccc(NC(=O)Nc2cccc3c2C2CCCCN2C3=O)n1,5.508638306165727
CHEMBL379029,COCCNc1nc(-c2ccc(C=O)cc2)nc2c1ncn2C(C)C,5.853871964321762
CHEMBL379618,COCCNc1nc(-c2ccc(C(C)=O)s2)nc2c1ncn2C(C)C,5.309803919971486
CHEMBL379811,COCCNc1nc(-c2ccc(NC(=O)OC)cc2)nc2c1ncn2C(C)C,5.3979400086720375
CHEMBL380946,CCCCNC(=O)N1Cc2n[nH]c(NC(=O)[C@@H](C)c3ccc4ccccc4c3)c2C1,6.823908740944319
CHEMBL383104,CCCCNC(=O)N1Cc2n[nH]c(NC(=O)Cc3ccc(N4CCCC4)cc3)c2C1,6.552841968657781
CHEMBL387152,C[C@]12CC[C@H]3[C@@H](CCC4=CC(=O)CC[C@@]43C)[C@@H]1CC[C@@H]2C(=O)COS(=O)(=O)c1ccc(Br)cc1,5.221848749616356
CHEMBL388028,Nn1c(S)nnc1CSc1nnc(Cc2csc(NCCC(=O)O)n2)n1NC(=O)c1ccccc1,5.320118057887138
CHEMBL3883448,COc1ccc2c(-c3ccncc3)c[nH]c2n1,5.154901959985743
CHEMBL3883639,COc1ccc2[nH]c3c4ccncc4cc(C#N)c3c2c1,6.096910013008056
CHEMBL3883660,COc1ccc2c(c1)[nH]c1c3ccncc3cc(C#N)c21,6.356547323513812
CHEMBL3883764,N#Cc1cc2cnccc2c2[nH]c3ccccc3c12,6.096910013008056
CHEMBL3883820,N#Cc1cc2ccncc2c2[nH]c3ccccc3c12,5.221848749616356
CHEMBL3884015,N#Cc1cc2cnccc2c2[nH]c3ncccc3c12,6.107905397309519
CHEMBL3884583,COc1ccc2c(c1)[nH]c1c3c(OC)cncc3cc(C(N)=O)c21,5.795880017344075
CHEMBL3884627,COc1cccc2c1[nH]c1c3ccncc3cc(C(N)=O)c21,5.045757490560675
CHEMBL3884821,COc1ccc2c(c1)[nH]c1c3c(OC)cncc3cc(C#N)c21,5.1938200260161125
CHEMBL3884845,COc1ccc2c(c1)[nH]c1c3ccncc3cc(CN(C)C)c21,5.267606240177032
CHEMBL3884861,COc1ccc2c(c1)[nH]c1c3ccncc3cc(C(N)=O)c21,5.346787486224656
CHEMBL3884932,COc1ccc2[nH]c3c4c(OC)cncc4cc(C#N)c3c2c1,6.031517051446065
CHEMBL3885021,COc1ccc2[nH]cc3c2c1C(C)NC(c1cccnc1)=C3C#N,5.1938200260161125
CHEMBL3885328,COc1ccc2c(c1)[nH]c1c3ccncc3cc(CN)c21,5.251811972993799
CHEMBL3885335,COc1ccc2[nH]cc(-c3cc4cnccc4cc3NC(C)=O)c2c1,5.096910013008056
CHEMBL3885360,COc1ccc2c(c1)[nH]c1c3ccncc3cc(CNC(C)=O)c21,5.221848749616356
CHEMBL3885431,COc1cccc2c1[nH]c1c3ccncc3cc(C#N)c21,6.337242168318426
CHEMBL388905,N#CCSc1nnc(Cc2csc(NC(=O)c3ccccc3)n2)n1NC(=O)c1ccccc1,6.304518323509803
CHEMBL388906,COC(=O)CSc1nnc(Cc2csc(NC(=O)c3ccccc3)n2)n1NC(=O)c1ccccc1,6.438898616350944
CHEMBL388978,CN[C@@H]1C[C@H]2O[C@@](C)([C@@H]1OC)n1c3ccccc3c3c4c(c5c6ccccc6n2c5c31)C(=O)NC4,8.688246138944246
CHEMBL389762,CC(=O)Nn1c(Cc2csc(NC(=O)c3ccccc3)n2)nnc1SCC#N,6.241088107602026
CHEMBL390029,O=C(O)CCNc1nc(Cc2nnc(SCC(=O)NNC(=O)c3ccccc3)n2NC(=O)c2ccccc2)cs1,6.364516253185088
CHEMBL390697,NNC(=O)CSc1nnc(Cc2csc(NC(=O)c3ccccc3)n2)n1NC(=O)c1ccccc1,6.5718652059712115
CHEMBL390918,CC(=O)Nc1nc(Cc2nnc(S)n2N)cs1,7.318758762624412
CHEMBL391058,O=C1Nc2ccccc2CN1c1nc(-c2ccncc2)cs1,7.113509274827518
CHEMBL391116,Cc1c(-c2csc(-c3ccncc3)n2)c(=O)[nH]c2ccccc12,5.552841968657781
CHEMBL391207,CC(=O)Nc1nc(Cc2nnc(SCC(=O)NNC(=O)CCl)n2NC(C)=O)cs1,6.3223930472795065
CHEMBL391314,CC1=Nn2c(nnc2-c2sc(NC(=O)CCl)cc2-c2ccccc2)SC1,6.434152181326482
CHEMBL391315,CC(=O)Nc1cc(-c2ccccc2)c(-c2nnc3n2NC(c2ccccc2)=C(c2ccccc2)S3)s1,7.3979400086720375
CHEMBL391666,Cc1cc(NC(=O)CCl)sc1-c1nnc2n1N=C(c1cc(F)c(Cl)cc1Cl)/C(=C/c1ccccc1Cl)S2,5.476253533188435
CHEMBL391674,COC(=O)CSc1nnc(Cc2csc(NC(=O)c3ccccc3)n2)n1NC(C)=O,6.223298816011589
CHEMBL391723,CC(=O)Nc1cc(-c2ccccc2)c(-c2nnc3n2NC(=O)CS3)s1,6.3788237182249645
CHEMBL391905,O=c1[nH]c2ccccc2cc1-c1csc(CS(=O)(=O)c2ccccc2)n1,7.5376020021010435
CHEMBL391906,O=c1[nH]c2ccccc2cc1-c1csc(CS(=O)(=O)c2cccs2)n1,8.67778070526608
CHEMBL392055,CC(=O)Nc1nc(Cc2nnc(SCC(=O)N/N=C/c3ccccc3)n2NC(C)=O)cs1,6.334419008982047
CHEMBL392145,CN1CCN(c2ccc3[nH]c(=O)c(-c4csc(-c5ccncc5)n4)c(N)c3c2)CC1,6.920818753952375
CHEMBL392228,O=C(Nc1ccccc1)Nc1csc(-c2ccncc2)n1,5.52432881167557
CHEMBL392317,Cc1cc(NC(=O)CCl)sc1-c1nnc2n1N=C(c1cc(F)c(Cl)cc1Cl)/C(=C/c1cccc([N+](=O)[O-])c1)S2,5.512296136836274
CHEMBL392341,CCN(CC)C(=O)c1cccc2[nH]c(=O)c(-c3csc(-c4ccncc4)n3)cc12,6.318758762624412
CHEMBL392343,O=c1[nH]c2ccccc2c(O)c1-c1csc(-c2ccncc2)n1,6.795880017344075
CHEMBL392738,O=C1Nc2cc(Br)ccc2CN1c1csc(-c2ccncc2)n1,7.42021640338319
CHEMBL392784,CN1CCN(c2cccc3c2CN(c2csc(-c4ccncc4)n2)C(=O)N3)CC1,6.081445469449727
CHEMBL392792,O=c1[nH]c2ccccc2n1-c1csc(-c2ccncc2)n1,5.935542010773082
CHEMBL392947,CC(=O)Nn1c(Cc2csc(NCCC(=O)O)n2)nnc1SCC(=O)NN,6.0254883072626715
CHEMBL392948,CC(=O)NNC(=O)CSc1nnc(Cc2csc(NC(=O)CCl)n2)n1NC(C)=O,6.450996737974212
CHEMBL392980,CC(=O)NNC(=O)CSc1nnc(Cc2csc(NCCC(=O)O)n2)n1NC(C)=O,6.334419008982047
CHEMBL393041,O=C1Nc2cc(F)ccc2CN1c1csc(-c2ccncc2)n1,7.795880017344075
CHEMBL393355,CC(=O)Nc1nc(Cc2nnc(SCc3nnc(S)n3N)n2NC(C)=O)cs1,5.280171713745665
CHEMBL393491,O=C1Nc2ccccc2CN1c1nc(-c2ccccn2)cs1,5.133122185662501
CHEMBL393528,O=C(CCl)NNC(=O)CSc1nnc(Cc2csc(NC(=O)c3ccccc3)n2)n1NC(=O)c1ccc(Cl)cc1,6.468521082957745
CHEMBL393545,O=C1NC(=O)c2c1c1c3ccccc3[nH]c1c1cccn21,5.6777807052660805
CHEMBL393676,O=C(CSc1nnc(Cc2csc(NC(=O)c3ccccc3)n2)n1NC(=O)c1ccc(Cl)cc1)NNC(=O)c1ccccc1,6.315154638355588
CHEMBL393909,O=c1[nH]c2ccccc2cc1-c1csc(-c2ccsc2)n1,6.3872161432802645
CHEMBL393921,COC(=O)c1cccc2[nH]c(=O)c(-c3csc(-c4ccncc4)n3)cc12,7.481486060122112
CHEMBL394007,Nc1c(-c2csc(-c3ccncc3)n2)c(=O)[nH]c2ccc(Cl)cc12,8.42021640338319
CHEMBL394009,CC(C)(C)S(=O)(=O)Cc1nc(-c2cc3ccccc3[nH]c2=O)cs1,5.161150909262744
CHEMBL394010,CC(=O)Nc1cc(C)c(-c2nnc3n2NC(c2ccccc2)=C(c2ccccc2)S3)s1,7.356547323513812
CHEMBL394335,CC(=O)Nn1c(Cc2csc(NC(=O)c3ccccc3)n2)nnc1SCC(=O)NNC(=O)c1ccccc1,6.384049948343599
CHEMBL394336,CC(=O)Nn1c(Cc2csc(NC(=O)CCl)n2)nnc1SCC(=O)NNC(=O)CCl,6.335358024443875
CHEMBL394451,O=C(CCl)Nc1cc(-c2ccccc2)c(-c2nnc3n2N=C(c2cc(F)c(Cl)cc2Cl)/C(=C/c2ccccc2)S3)s1,5.604498875694374
CHEMBL394452,O=C(CCl)Nc1cc(-c2ccccc2)c(-c2nnc3n2N=C(c2cc(F)c(Cl)cc2Cl)/C(=C/c2ccccc2Cl)S3)s1,5.609418121449565
CHEMBL394958,CC(=O)Nc1cc(-c2ccccc2)c(-c2nnc3n2N=C(c2cc(F)c(Cl)cc2Cl)/C(=C/c2cccc([N+](=O)[O-])c2)S3)s1,5.613322716039162
CHEMBL394959,O=C(CCl)Nc1cc(-c2ccccc2)c(-c2nnc3n2N=C(c2cc(F)c(Cl)cc2Cl)/C(=C/c2cccc([N+](=O)[O-])c2)S3)s1,5.571217488503046
CHEMBL395083,O=C(CCl)Nc1nc(Cc2nnc(SCSc3nnc(Cc4csc(NC(=O)CCl)n4)n3NC(=O)c3ccccc3)n2NC(=O)c2ccccc2)cs1,6.17134010346468
CHEMBL395512,O=C(CSc1nnc(Cc2csc(NC(=O)CCl)n2)n1NC(=O)c1ccc(Cl)cc1)N/N=C/c1ccccc1,7.376750709602099
CHEMBL395553,CC(=O)Nc1nc(Cc2nnc(SCSc3nnc(Cc4csc(NC(C)=O)n4)n3NC(=O)c3ccccc3)n2NC(=O)c2ccccc2)cs1,6.189095719331299
CHEMBL396357,CC(=O)Nn1c(S)nnc1Cc1csc(NC(=O)c2ccccc2)n1,6.211831628858833
CHEMBL396526,O=C(O)CCNc1nc(Cc2nnc(S)n2NC(=O)c2ccccc2)cs1,6.17134010346468
CHEMBL396547,CC(=O)NNC(=O)CSc1nnc(Cc2csc(NC(C)=O)n2)n1NC(=O)c1ccccc1,6.266000713461613
CHEMBL396649,O=C(CCl)Nc1cc(-c2ccccc2)c(-c2nnc3sc(=S)[nH]n23)s1,5.229442525149005
CHEMBL396826,CC(=O)Nn1c(S)nnc1Cc1csc(NCCC(=O)O)n1,6.360513510731414
CHEMBL397170,Cc1cc(NC(=O)CCl)sc1-c1nnc2sc(-c3ccccc3)nn12,7.522878745280337
CHEMBL397760,COC(=O)CSc1nnc(Cc2csc(NCCC(=O)O)n2)n1NC(C)=O,6.127261172527331
CHEMBL398141,CC(=O)Nc1nc(Cc2nnc(SCSc3nnc(Cc4csc(NC(C)=O)n4)n3NC(=O)c3ccc(Cl)cc3)n2NC(=O)c2ccc(Cl)cc2)cs1,6.4179366370882915
CHEMBL398389,CC(=O)Nc1nc(Cc2nnc(S)n2NC(=O)c2ccc(Cl)cc2)cs1,6.335358024443875
CHEMBL398390,O=C(O)CCNc1nc(Cc2nnc(S)n2NC(=O)c2ccc(Cl)cc2)cs1,6.335358024443875
CHEMBL398774,NNC(=O)CSc1nnc(Cc2csc(NC(=O)c3ccccc3)n2)n1NC(=O)c1ccc(Cl)cc1,7.468521082957745
CHEMBL399188,O=C(CCl)Nc1cc(-c2ccccc2)c(-c2nnc3n2Nc2nc4ccccc4nc2S3)s1,7.522878745280337
CHEMBL399387,COC(=O)CSc1nnc(Cc2csc(NC(=O)c3ccccc3)n2)n1NC(=O)c1ccc(Cl)cc1,6.5376020021010435
CHEMBL399626,CN1CCN(C(=O)c2ccc3cc(-c4csc(-c5ccncc5)n4)c(=O)[nH]c3c2)CC1,8.356547323513812
CHEMBL399808,NNC(=O)CSc1nnc(Cc2csc(NCCC(=O)O)n2)n1NC(=O)c1ccc(Cl)cc1,7.1938200260161125
CHEMBL399828,CC(=O)Nc1nc(Cc2nnc(SCC#N)n2NC(=O)c2ccc(Cl)cc2)cs1,7.2076083105017466
CHEMBL400433,O=C1Nc2cccc(CN3CCOCC3)c2CN1c1csc(-c2ccncc2)n1,6.546681659952962
CHEMBL400630,O=C1Nc2cc(CN3CCOCC3)ccc2CN1c1csc(-c2ccncc2)n1,7.2076083105017466
CHEMBL400813,O=C1Nc2cccc(F)c2CN1c1csc(-c2ccncc2)n1,6.619788758288394
CHEMBL401232,CC(=O)Nc1nc(Cc2nnc(SCc3nnc(S)n3N)n2NC(=O)c2ccc(Cl)cc2)cs1,5.126098402135539
CHEMBL403233,O[C@]12C=C(c3nccc4c3[nH]c3ccccc34)[C@@H]3CCN(CCCC/C=C\CC1)C[C@@]31C[C@@H]3/C=C\CCCCN3[C@H]12,5.823908740944319
CHEMBL4059822,Cc1cccc(C(=O)N[C@H]2C[C@@H](n3cnc4c(NC5CCNCC5)ncnc43)C2)n1,6.790484985457369
CHEMBL4061394,Clc1cccc(-c2cnc3ccc(Cl)nn23)c1,5.167491087293763
CHEMBL4061526,CC[C@@H](CO)Nc1ccc2ncc(-c3cccc(NC(C)=O)c3)n2n1,6.721246399047171
CHEMBL4062820,CC[C@@H](CO)Nc1ccc2ncc(-c3cc4ccccc4[nH]3)n2n1,5.920818753952375
CHEMBL4063385,Cc1cccc(C(=O)N[C@H]2C[C@@H](n3cnc4c(NCC5CCCCC5)ncnc43)C2)n1,7.6020599913279625
CHEMBL4065432,CC[C@@H](CO)Nc1ccc2ncc(-c3cccc(/C=N/O)c3)n2n1,6.0
CHEMBL4067424,Cc1cccc(C(=O)N[C@H]2C[C@@H](n3cnc4c(NCc5cccnc5)ncnc43)C2)n1,8.0
CHEMBL4067461,Cc1cccc(C(=O)N[C@H]2C[C@@H](n3cnc4c(NCc5ccc(Cl)c(Cl)c5)ncnc43)C2)n1,7.468521082957745
CHEMBL4067477,CC[C@@H](CO)Nc1ccc2ncc(-c3cc(Cl)ccc3N)n2n1,4.769551078621726
CHEMBL4069158,CSc1ccc2ncc(-c3cccc(C(F)(F)F)c3)n2n1,6.1249387366083
CHEMBL4070065,FC(F)(F)c1cccc(-c2cnc3ccc(Cl)nn23)c1,5.327902142064283
CHEMBL4070146,Cc1cccc(C(=O)N[C@H]2C[C@@H](n3cnc4c(NCc5cccc(F)c5)ncnc43)C2)n1,8.221848749616356
CHEMBL4070189,CC[C@@H](CO)Nc1ccc2ncc(-c3cccc(S(C)(=O)=O)c3)n2n1,6.050609993355087
CHEMBL4070227,CC[C@@H](CO)/N=C/c1cccc(-c2cnc3ccc(N[C@@H](CC)CO)nn23)c1,6.229147988357855
CHEMBL4071322,CCOC(=O)c1cccc(-c2cnc3ccc(N[C@@H](CC)CO)nn23)c1,5.958607314841775
CHEMBL4071413,CC[C@@H](CO)NC(=O)c1cccc(-c2cnc3ccc(N[C@@H](CC)CO)nn23)c1,5.214670164989233
CHEMBL4072013,Cc1cccc(C(=O)N[C@H]2C[C@@H](n3cnc4c(NCC5CCNCC5)ncnc43)C2)n1,7.1487416512809245
CHEMBL4072506,COc1ccc2ncc(-c3cccc(/C=N/O)c3)n2n1,5.7447274948966935
CHEMBL4074132,CC(C)[C@@H](CO)Nc1ccc2ncc(-c3cccnc3)n2n1,5.853871964321762
CHEMBL4074499,CC(=O)Nc1cccc(Nc2ccc3ncc(-c4cccc(Cl)c4)n3n2)c1,6.4089353929735005
CHEMBL4076448,O=Cc1cccc(-c2cnc3ccc(Cl)nn23)c1,6.086186147616283
CHEMBL4076545,CC(=O)N[C@H]1CC[C@H](Nc2ncnc3c2ncn3[C@H]2C[C@@H](NC(=O)c3cccc(C)n3)C2)CC1,7.522878745280337
CHEMBL4076906,Clc1ccc2ncc(-c3cccnc3)n2n1,5.327902142064283
CHEMBL4079206,CN1CC[C@H](c2c(O)cc(O)c3c(=O)cc(/C=C/c4c(Cl)cccc4Cl)oc23)[C@H](O)C1,7.806875401645538
CHEMBL4079347,COc1ccc2ncc(-c3ccc4[nH]ccc4c3)n2n1,5.292429823902063
CHEMBL4081756,Cc1cccc(C(=O)N[C@H]2C[C@@H](n3cnc4c(NCc5cccc(Br)c5)ncnc43)C2)n1,8.318758762624412
CHEMBL4082490,Cc1cccc(C(=O)N[C@H]2C[C@@H](n3cnc4c(NC5CCN(C(=O)OC(C)(C)C)CC5)ncnc43)C2)n1,7.180456064458132
CHEMBL4082981,CC[C@@H](CO)Nc1ccc2ncc(-c3cc4cc(Br)ccc4[nH]3)n2n1,5.080921907623926
CHEMBL4084364,CC[C@@H](CO)Nc1ccc2ncc(-c3ccnc(N)n3)n2n1,5.292429823902063
CHEMBL4086402,CC[C@@H](CO)Nc1ccc2ncc(-c3cccc(C(F)(F)F)c3)n2n1,4.301029995663981
CHEMBL4087174,O=C(N[C@H]1C[C@@H](n2cnc3c(NCc4cccnc4)ncnc32)C1)c1cccc(C(F)(F)F)n1,7.638272163982407
CHEMBL4087260,Nc1ccc(Cl)cc1-c1cnc2ccc(Cl)nn12,4.1487416512809245
CHEMBL4088717,CC[C@@H](CO)Nc1ccc2ncc(-c3cccc(N)c3)n2n1,5.42021640338319
CHEMBL4089542,Nc1cccc(-c2cnc3ccc(Cl)nn23)c1,4.5376020021010435
CHEMBL4089652,CC[C@@H](CO)Nc1ccc2ncc(-c3cccc(SC)c3)n2n1,6.086186147616283
CHEMBL4090223,CSc1ccc2ncc(-c3ccc4[nH]ccc4c3)n2n1,5.376750709602099
CHEMBL4090770,CC[C@@H](CO)Nc1ccc2ncc(-c3ccc4[nH]ccc4c3)n2n1,5.508638306165727
CHEMBL4091107,Cc1cccc(C(=O)N[C@H]2C[C@@H](n3cnc4c(NCc5ccc(F)cc5)ncnc43)C2)n1,7.522878745280337
CHEMBL4091242,COc1ccc(Nc2ncnc3c2ncn3[C@H]2C[C@@H](NC(=O)c3cccc(C)n3)C2)cc1OC,7.026872146400302
CHEMBL4091942,Clc1ccc2ncc(-c3ccc4[nH]ccc4c3)n2n1,5.173925197299173
CHEMBL4092047,CC[C@@H](CO)Nc1ccc2ncc(-c3ccnc(SC)n3)n2n1,5.657577319177793
CHEMBL4092673,CC[C@@H](CO)N(C(C)=O)c1ccc2ncc(-c3cccc(NC(C)=O)c3)n2n1,5.958607314841775
CHEMBL4092920,CC(=O)N[C@H]1CC[C@@H](Nc2ncnc3c2ncn3[C@H]2C[C@@H](NC(=O)c3cccc(C)n3)C2)CC1,7.568636235841013
CHEMBL4093104,CC[C@@H](CO)Nc1ccc2ncc(-c3cccc(C=O)c3)n2n1,6.318758762624412
CHEMBL409450,O=C1Nc2cc(Br)ccc2/C1=C1/Nc2ccccc2/C1=N\O,7.080921907623926
CHEMBL4094891,COc1cccc(Nc2ncnc3c2ncn3[C@H]2C[C@@H](NC(=O)c3cccc(C)n3)C2)c1,7.173925197299173
CHEMBL4097368,CC[C@@H](CO)Nc1ccc2ncc(-c3ccsc3)n2n1,6.229147988357855
CHEMBL4098107,COc1ccc2ncc(-c3cccc(C(F)(F)F)c3)n2n1,4.7447274948966935
CHEMBL4098255,Cc1cccc(C(=O)N[C@H]2C[C@@H](n3cnc4c(NCc5ccc(F)c(F)c5)ncnc43)C2)n1,7.886056647693163
CHEMBL4098980,Cc1cccc(C(=O)N[C@H]2C[C@@H](n3cnc4c(NCC5CCN(C(=O)OC(C)(C)C)CC5)ncnc43)C2)n1,7.045757490560675
CHEMBL4100956,CC[C@@H](CO)Nc1ccc2ncc(-c3cccnc3)n2n1,5.769551078621726
CHEMBL4102871,CC(=O)Nc1cccc(Nc2ccc3ncc(-c4cccc(NC(C)=O)c4)n3n2)c1,6.657577319177793
CHEMBL4103221,Cc1cccc(C(=O)N[C@H]2C[C@@H](n3cnc4c(NCc5cccc(Cl)c5)ncnc43)C2)n1,8.638272163982407
CHEMBL4104296,CC[C@@H](CO)Nc1ccc2ncc(-c3ccc(C(F)(F)F)cc3)n2n1,5.1487416512809245
CHEMBL4104979,CC(=O)N1CCC(Nc2ncnc3c2ncn3[C@H]2C[C@@H](NC(=O)c3cccc(C)n3)C2)CC1,6.747146969020107
CHEMBL4105016,O=C(N[C@H]1C[C@@H](n2cnc3c(NCc4cccnc4)ncnc32)C1)c1cccc(-c2ccccc2)n1,7.508638306165727
CHEMBL4105084,CC[C@@H](CO)Nc1ccc2ncc(-c3cccc(Cl)c3)n2n1,6.214670164989233
CHEMBL411969,CC(=O)Nn1c(Cc2csc(NCCC(=O)O)n2)nnc1SCC(=O)NNC(=O)CCl,6.578396073130169
CHEMBL413137,O=C(CSc1nnc(Cc2csc(NC(=O)c3ccccc3)n2)n1NC(=O)c1ccc(Cl)cc1)N/N=C/c1ccccc1,6.609064892896621
CHEMBL414698,CC(=O)Nc1cc(-c2ccccc2)c(-c2nnc3n2N=C(c2cc(F)c(Cl)cc2Cl)/C(=C/c2ccc(Cl)cc2)S3)s1,5.605198222837289
CHEMBL414802,NNC(=O)CSc1nnc(Cc2csc(NCCC(=O)O)n2)n1NC(=O)c1ccccc1,6.3325470471100465
CHEMBL419054,N#C/C=C/c1ccc2c(c1)-c1[nH]c3ccc(C(F)(F)F)cc3c1CC(=O)N2,5.0219999057295635
CHEMBL421087,O=C1NC(=O)c2c1c1ccccc1c1[nH]c3ccccc3c21,5.070581074285707
CHEMBL4284209,CC(C)c1cnn2c(NCc3ccc(-c4ccccn4)cc3)nc(N[C@H]3CC[C@H](N)CC3)nc12,7.301029995663981
CHEMBL428540,O=C(CCl)NNC(=O)CSc1nnc(Cc2csc(NC(=O)CCl)n2)n1NC(=O)c1ccc(Cl)cc1,6.649751981665837
CHEMBL428572,COC(=O)CSc1nnc(Cc2csc(NCCC(=O)O)n2)n1NC(=O)c1ccccc1,6.188424994129407
CHEMBL428690,CN1CC[C@H](c2c(O)cc(O)c3c(=O)cc(-c4ccccc4Cl)oc23)[C@H](O)C1,6.769551078621726
CHEMBL430226,CC(=O)O/N=C1C(=C2/C(=O)Nc3cc(Br)ccc32)/Nc2ccccc2/1,5.619788758288394
CHEMBL430574,O=C1Cc2c([nH]c3ccccc23)-c2ccccc2N1,5.145920883193218
CHEMBL431634,COc1cc2c(cc1OC)-c1[nH]c3ccccc3c1CC(=O)N2,5.267999696132879
CHEMBL435355,CC(=O)Nc1cc(-c2ccccc2)c(-c2nnc3n2N=C(c2cc(F)c(Cl)cc2Cl)/C(=C/c2ccccc2Cl)S3)s1,5.608359296507612
CHEMBL437325,CNC(=O)c1ccc(-c2nc(NCCOC)c3ncn(C(C)C)c3n2)cc1,5.7447274948966935
CHEMBL437560,N#CCSc1nnc(Cc2csc(NC(=O)c3ccccc3)n2)n1NC(=O)c1ccc(Cl)cc1,7.1938200260161125
CHEMBL437569,CC(=O)Nc1nc(Cc2nnc(SCC(=O)NNC(=O)CCl)n2NC(=O)c2ccccc2)cs1,6.191789027075778
CHEMBL437951,CC(=O)NNC(=O)CSc1nnc(Cc2csc(NC(=O)CCl)n2)n1NC(=O)c1ccccc1,6.448550002027125
CHEMBL439021,O=C(CSc1nnc(Cc2csc(NC(=O)CCl)n2)n1NC(=O)c1ccc(Cl)cc1)NNC(=O)c1ccccc1,6.1938200260161125
CHEMBL439029,O=C(Nc1nc(Cc2nnc(SCSc3nnc(Cc4csc(NC(=O)c5ccccc5)n4)n3NC(=O)c3ccc(Cl)cc3)n2NC(=O)c2ccc(Cl)cc2)cs1)c1ccccc1,6.1938200260161125
CHEMBL441109,O=Nc1c(-c2c(O)[nH]c3cc(Br)ccc23)[nH]c2cc(Br)ccc12,5.886056647693163
CHEMBL442239,Nn1c(S)nnc1-c1sc(NC(=O)CCl)cc1-c1ccccc1,7.376750709602099
CHEMBL4435354,C#CCOCc1ccnc(NC(=O)Nc2cccc3c2C2CCCCN2C3=O)c1,6.823908740944319
CHEMBL4439321,COc1cc(F)ccc1-c1ncnc(Nc2cccc(C[S@](C)(=N)=O)c2)n1,5.795880017344075
CHEMBL4439395,O=C(Cc1ccc(-c2ccccc2)cc1)Nc1cc(C2CCC2)[nH]n1,7.638272163982407
CHEMBL4443468,O=C(Nc1cc(-c2cn(CCNc3c4c(nc5ccccc35)CCCC4)nn2)ccn1)Nc1cccc2c1[C@@H]1CCCCN1C2=O,5.958607314841775
CHEMBL4443989,O=C(Nc1cc(-c2cn(CCNc3c4c(nc5ccccc35)CCCC4)nn2)ccn1)Nc1cccc2c1[C@H]1CCCCN1C2=O,6.301029995663981
CHEMBL4444585,C#CCN(C)Cc1ccnc(NC(=O)Nc2cccc3c2C2CCCCN2C3=O)c1,7.045757490560675
CHEMBL4446287,CN(Cc1ccnc(NC(=O)Nc2cccc3c2C2CCCCN2C3=O)c1)Cc1cn(CCNc2c3c(nc4ccccc24)CCCC3)nn1,6.508638306165727
CHEMBL4448494,Cc1nc2c(F)cc(-c3nc(Nc4ccc5c(n4)CCN(CCN(C)C)C5)ncc3F)cc2n1C(C)C,7.008773924307505
CHEMBL44541,Nc1nccc(-c2c[nH]c3ccc(Br)cc23)n1,5.443697499232712
CHEMBL44545,Nc1nccc(-c2c[nH]c3cc(Br)cc(O)c23)n1,6.0
CHEMBL445813,O=C(NC1CCNCC1)c1n[nH]cc1NC(=O)c1c(Cl)cccc1Cl,6.580044251510242
CHEMBL4459540,O=C(Nc1cc(COCc2cn(CCNc3ccncc3)nn2)ccn1)Nc1cccc2c1C1CCCCN1C2=O,6.698970004336019
CHEMBL4463060,C#Cc1ccnc(NC(=O)Nc2cccc3c2[C@H]2CCCCN2C3=O)c1,7.7447274948966935
CHEMBL4475474,C#Cc1cccc(NC(=O)Nc2cccc3c2C2CCCCN2C3=O)n1,7.096910013008056
CHEMBL4483607,C#Cc1ccnc(NC(=O)Nc2cccc3c2[C@@H]2CCCCN2C3=O)c1,7.301029995663981
CHEMBL4515295,C#CCCc1ccnc(NC(=O)Nc2cccc3c2C2CCCCN2C3=O)c1,7.154901959985743
CHEMBL4516356,O=C(Nc1cc(COCc2cn(CCNc3c4c(nc5ccccc35)CCCC4)nn2)ccn1)Nc1cccc2c1C1CCCCN1C2=O,6.522878745280337
CHEMBL4531222,O=C(Nc1cc(COCc2cn(CCCc3ccccc3)nn2)ccn1)Nc1cccc2c1C1CCCCN1C2=O,6.585026652029182
CHEMBL4537026,O=C(Nc1cccc(-c2cn(CCNc3c4c(nc5ccccc35)CCCC4)nn2)n1)Nc1cccc2c1C1CCCCN1C2=O,5.508638306165727
CHEMBL4537142,Cn1cc(COCc2ccnc(NC(=O)Nc3cccc4c3C3CCCCN3C4=O)c2)nn1,6.6020599913279625
CHEMBL4559936,O=C(Nc1cc(-c2cn(CCNc3c4c(nc5ccccc35)CCCC4)nn2)ccn1)Nc1cccc2c1C1CCCCN1C2=O,6.096910013008056
CHEMBL4566076,C#Cc1ccnc(NC(=O)Nc2cccc3c2C2CCCCN2C3=O)c1,7.167491087293763
CHEMBL4583414,O=C(Nc1cc(COCc2cn(CCNc3ccnc4ccccc34)nn2)ccn1)Nc1cccc2c1C1CCCCN1C2=O,6.619788758288394
CHEMBL4593316,O=C(Nc1cc(CCc2cn(CCNc3c4c(nc5ccccc35)CCCC4)nn2)ccn1)Nc1cccc2c1C1CCCCN1C2=O,6.096910013008056
CHEMBL460472,COc1ccc2c(Oc3ccc(NC(=O)c4c(C)n(CC(C)(C)O)n(-c5ccccc5)c4=O)nc3)ccnc2c1,4.0
CHEMBL46440,Nc1nccc(-c2c[nH]c3cc(Br)ccc23)n1,5.474955192963154
CHEMBL4650328,Nc1nccc(-c2ccc(O)c(-c3ccnc(N)n3)n2)n1,8.619788758288394
CHEMBL475816,CC(=O)C1=C(O)C=C2Oc3c(C(N)=O)c(O)cc(O)c3[C@]2(C)C1=O,5.251811972993799
CHEMBL4764481,Nc1nc(N[C@H]2C[C@@H]3CC[C@H]2C3)sc1C(=O)c1ccccc1[N+](=O)[O-],6.763210900590707
CHEMBL4781618,CN1CC=C(c2c(O)cc(O)c3c(=O)cc(-c4ccc(Sc5nc6ccccc6n5C)cc4)oc23)CC1,6.546681659952962
CHEMBL4787876,CN1CC=C(c2c(O)cc(O)c3c(=O)cc(-c4ccc(Sc5nc(-c6ccccc6)c[nH]5)cc4)oc23)CC1,6.709965388637482
CHEMBL4788045,CN1CC=C(c2c(O)cc(O)c3c(=O)cc(-c4ccc(Sc5nc6ccccc6n5C)cc4Cl)oc23)CC1,5.961379838050297
CHEMBL4788347,COc1cc(F)ccc1-c1nc(Nc2ccc3c(N4CCOCC4)c(C(C)=O)c(=O)oc3c2)ncc1F,5.899284913426919
CHEMBL4790926,CN1CC=C(c2c(O)cc(O)c3c(=O)cc(-c4ccc(Sc5nc6ccccc6[nH]5)cc4)oc23)CC1,6.91721462968355
CHEMBL479170,Oc1ccc(-c2cncc(-c3cc4cc(O)ccc4[nH]3)c2)cc1,5.823908740944319
CHEMBL4793858,CN1CC=C(c2c(O)cc(O)c3c(=O)cc(-c4ccc(Sc5nc6ccccc6[nH]5)cc4Cl)oc23)CC1,6.259637310505756
CHEMBL480350,NC1=NC(=O)/C(=C2\CCNC(=O)c3[nH]c(Br)c(Br)c32)N1,7.251811972993799
CHEMBL48081,Nc1nccc(-c2cc3cc(Br)ccc3[nH]2)n1,3.5228787452803374
CHEMBL48082,Nc1nccc(-c2c[nH]c3ccccc23)n1,4.139661993429006
CHEMBL481333,NC1=NC(=O)/C(=C2\CCNC(=O)c3[nH]c4ccccc4c32)N1,6.752026733638194
CHEMBL482193,CC[C@H](CO)Nc1nc(NCc2ccccc2)n2ncc(C(C)C)c2n1,7.247951552180561
CHEMBL4848734,CC(=O)c1c(N2CCOCC2)c2ccc(Nc3nccc(-c4ccc5nn(C)c(C(C)C)c5c4)n3)cc2oc1=O,8.045757490560675
CHEMBL4856177,CC(C)c1c2cc(-c3ccnc(Nc4ccc5c(N6CCN(C)CC6)ccnc5c4)n3)ccc2nn1C,7.8326826652518236
CHEMBL489833,Cn1cc(C2=C(c3coc4cc(CO)ccc34)C(=O)NC2=O)c2cc(Br)ccc21,5.94692155651658
CHEMBL489967,CN1CCCCC1c1c(O)cc(O)c2c(=O)cc(-c3ccccc3)oc12,5.769551078621726
CHEMBL490355,O=C1/C(=C/c2ccc(O)c(O)c2)Oc2cc(O)ccc21,4.431446287950557
CHEMBL491647,COCc1cccc2c(C3=C(c4coc5ccccc45)C(=O)NC3=O)cn(C)c12,4.896196279044043
CHEMBL50,O=c1c(O)c(-c2ccc(O)c(O)c2)oc2cc(O)cc(O)c12,4.638272163982407
CHEMBL50226,Nc1nccc(-c2cc3ccccc3[nH]2)n1,3.886056647693163
CHEMBL50498,Nc1nccc(-c2c[nH]c3cccc(O)c23)n1,5.522878745280337
CHEMBL50894,O=C1Cc2c([nH]c3ccc([N+](=O)[O-])cc23)-c2ccccc2N1,7.3979400086720375
CHEMBL5093012,CN1CCC(N(CC(=O)O)c2ccc3cnc(Nc4ccc(-n5ccc(CO)n5)cc4F)cc3n2)CC1,8.346787486224656
CHEMBL512682,O=C1NC(=O)/C(=C2\CCNC(=O)c3[nH]c(Br)cc32)N1,5.154901959985743
CHEMBL5199065,CCC(CC)c1cc(N[C@H]2CC[C@H](N)C2)n2nccc2n1,5.739928612014925
CHEMBL5200447,Cc1[nH]cnc1-c1nccc2c1[nH]c1ccccc12,5.301029995663981
CHEMBL5202522,Nc1nc(N[C@H]2CC3CCC2C3)sc1C(=O)c1ccccc1[N+](=O)[O-],6.798602875679548
CHEMBL522590,Cn1cc(C2=C(c3coc4cc(CO)ccc34)C(=O)NC2=O)c2cc(F)c(Cl)cc21,4.79317412396815
CHEMBL522760,COc1cccc2c(C3=C(c4cn(C)c5cc(Cl)c(F)cc45)C(=O)NC3=O)coc12,4.210419287835575
CHEMBL523951,O=c1cc(-c2ccccc2)oc2c(C3CCCCN3)c(O)cc(O)c12,5.259637310505756
CHEMBL524266,Nc1nccc(-c2cc3c([nH]2)[C@@H](CCF)CNC3=O)n1,5.790484985457369
CHEMBL52551,SC1=Nc2ccccc2-c2[nH]c3ccc(Br)cc3c2C1,5.0970001384638906
CHEMBL5265856,O=C1NCC/C(=N\Nc2cccnc2)c2c1[nH]c1ccc(F)cc21,7.920818753952375
CHEMBL5267075,O=C1NCC/C(=N\Nc2ccccn2)c2c1[nH]c(Br)c2Br,4.982966660701219
CHEMBL5267995,CC(=O)NC1=NC(=O)/C(=C2\CCNC(=O)c3[nH]c(Br)c(Br)c32)N1,6.273272790973428
CHEMBL5271328,NC1=NC(=O)/C(=C2\CCNC(=O)c3[nH]cc(Br)c32)N1,7.102372908709558
CHEMBL5272006,O=C1NCC/C(=N\Nc2cccnc2Cl)c2c1[nH]c1ccc(F)cc21,7.920818753952375
CHEMBL5272265,CCNC1=NC(=O)/C(=C2\CCNC(=O)c3[nH]c(Br)c(Br)c32)N1,5.0400051616715835
CHEMBL5276637,N=C1NC(=O)C(=C2CCNC(=O)c3[nH]c(Br)cc32)N1,6.795880017344075
CHEMBL5277152,NC1=NC(=O)/C(=C2\CCNC(=O)c3[nH]c4ccc(Br)cc4c32)N1,6.671620396561262
CHEMBL5280645,O=C1NCC/C(=N\Nc2ccc(Cl)cn2)c2c1[nH]c1ccc(F)cc21,7.1249387366083
CHEMBL5281583,NC1=NC(=O)/C(=C2\CCNC(=O)c3[nH]c4ccc(Cl)cc4c32)N1,6.718966632752273
CHEMBL5285766,NC1=NC(=O)/C(=C2\CCNC(=O)c3[nH]c4ccc(F)cc4c32)N1,6.752026733638194
CHEMBL5409959,Cc1cc(S(=O)(=O)NCCOCCOCCOCCOCCNc2cccc3c2C(=O)N(C2CCC(=O)NC2=O)C3=O)ccc1Nc1ncc(Br)c(Nc2cccc(F)c2C(N)=O)n1,8.167491087293763
CHEMBL5411270,CN/C(=N\C#N)N[C@H]1C[C@H](Nc2cc(C(C)C)nc3ccnn23)C1,5.217169194797409
CHEMBL5413258,CC(C)c1cc(N[C@H]2C[C@H](Nc3ccccc3)C2)n2nccc2n1,5.2877713303804645
CHEMBL5421527,Cc1ccc(Cl)cc1-c1cc(N[C@H]2CC[C@H](N)C2)n2nccc2n1,5.09312646527793
CHEMBL5421587,CNC(=O)N[C@@H]1CC[C@@H](Nc2cc(C(C)C)nc3ccnn23)C1,5.028028723600244
CHEMBL5430024,COc1ccc(CC(=O)Cc2ccn([C@H]3C[C@@H](C(N)=O)C3)c2)cc1,8.045757490560675
CHEMBL5433214,C[C@@]12CCC[C@H]1[C@@H]1CC[C@H]3C[C@H](N)CC[C@]3(C)[C@H]1CC2,5.221848749616356
CHEMBL5438063,CC(C)c1cc(N[C@H]2C[C@H](N)C2)n2ncc(Cl)c2n1,5.036920839358173
CHEMBL5440829,CC(C)c1cc(N[C@H]2CC[C@H](N)C2)n2ncc(Cl)c2n1,5.4061603389187285
CHEMBL545053,Cl.NCCCCOc1ccc2c(c1)NC(=O)Cc1c-2[nH]c2ccc(Br)cc12,3.3770000041292088
CHEMBL550658,Nc1ncc(-c2ccc(C(F)(F)F)cc2)c(-c2c[nH]c3ccccc23)n1,4.958607314841775
CHEMBL552324,Cn1cc(-c2nc(N)ncc2I)c2ccccc21,5.585026652029182
CHEMBL563962,Cn1cc(-c2nc(N)ncc2-c2ccncc2)c2ccccc21,5.275724130399211
CHEMBL564829,CNC(=O)c1nn(C)c2c1C(C)(C)Cc1cnc(Nc3ccc(N4CCN(C)CC4)cc3)nc1-2,6.871277715661573
CHEMBL564921,N#Cc1c(N)nc2[nH]nc(N)c2c1-c1ccccc1,6.3872161432802645
CHEMBL565471,CCN(CC)CCOC(=O)c1cc(-c2csc(-c3ccncc3)n2)c(=O)[nH]c1C(C)C,7.275724130399211
CHEMBL565675,CCOC(=O)c1cc(-c2csc(-c3ccncc3)n2)c(=O)[nH]c1C(F)(F)F,4.939717770561654
CHEMBL565918,CCOC(=O)c1cc(-c2csc(-c3ccnc(NCCN(CC)CC)c3)n2)c(=O)[nH]c1C,6.856985199745905
CHEMBL566114,CCCc1[nH]c(=O)c(-c2csc(-c3ccncc3)n2)cc1C(=O)OCC,7.259637310505756
CHEMBL566115,CC(C)c1[nH]c(=O)c(-c2csc(-c3ccncc3)n2)cc1C(=O)OCCc1ccccc1,6.924453038607469
CHEMBL566532,CCOC(=O)c1cc(-c2csc(-c3ccncc3)n2)c(=O)[nH]c1CC,8.387216143280265
CHEMBL566767,CCN(CC)CCCOC(=O)c1cc(-c2csc(-c3ccncc3)n2)c(=O)[nH]c1C(C)C,7.327902142064283
CHEMBL566994,CCOC(=O)c1cc(-c2csc(-c3ccncc3)n2)c(=O)[nH]c1C(C)C,6.804100347590766
CHEMBL567004,CCOC(=O)c1cc(-c2csc(CS(=O)(=O)c3ccccc3)n2)c(=O)[nH]c1C,8.481486060122112
CHEMBL567005,CCCc1[nH]c(=O)c(-c2csc(CS(=O)(=O)c3ccccc3)n2)cc1C(=O)OCC,8.853871964321762
CHEMBL567006,CCN(CC)CC(C)OC(=O)c1cc(-c2csc(-c3ccncc3)n2)c(=O)[nH]c1C(C)C,7.443697499232712
CHEMBL567223,CCOC(=O)c1cc(-c2csc(-c3ccnc(OC)c3)n2)c(=O)[nH]c1C(C)C,6.172630726946175
CHEMBL567437,CC(C)c1[nH]c(=O)c(-c2csc(-c3ccncc3)n2)cc1C(=O)OC1CCN(C)CC1,6.189095719331299
CHEMBL567832,CCOC(=O)c1cc(-c2csc(CS(=O)(=O)c3ccccc3)n2)c(=O)[nH]c1COCc1ccccc1,8.275724130399212
CHEMBL568083,CCOC(=O)c1cc(-c2csc(-c3ccncc3)n2)c(=O)[nH]c1COCc1ccccc1,6.108462542327436
CHEMBL568084,CC(C)c1[nH]c(=O)c(-c2csc(-c3ccncc3)n2)cc1C(=O)OCCN1CCCC1,6.950781977329818
CHEMBL569341,O=C(Cc1ccccc1)Nc1cn(C2CCC2)cn1,6.301029995663981
CHEMBL569584,COc1ccc(CC(=O)Nc2cn(C3CCCCC3)cn2)cc1,6.126098402135539
CHEMBL569586,O=C(Cc1cccc2ccccc12)Nc1cn([C@H]2C[C@@H](NC(=O)c3cccnc3)C2)cn1,7.337242168318426
CHEMBL569587,O=C(Cc1cccc2ccccc12)Nc1cn([C@H]2C[C@@H](NC(=O)c3ccccn3)C2)cn1,7.853871964321762
CHEMBL569816,COc1ccc(CC(=O)Nc2cn(Cc3ccccc3)cn2)cc1,5.063486257521107
CHEMBL570261,COc1ccc(CC(=O)Nc2cn([C@H]3C[C@@H](NS(C)(=O)=O)C3)cn2)cc1,6.749579997691106
CHEMBL570262,COc1ccc(CC(=O)Nc2cn(C3CCCC3)cn2)cc1,6.812479279163537
CHEMBL570473,NC(=O)[C@H]1C[C@@H](n2cnc(NC(=O)Cc3cccc4ccccc34)c2)C1,6.407823242604133
CHEMBL570935,COc1ccc(CC(=O)Nc2cn(C(C)C)cn2)cc1,6.371611069949688
CHEMBL571150,COc1ccc(CC(=O)Nc2cn(C3CC3)cn2)cc1,6.089375595110798
CHEMBL571523,COc1ccc(CC(=O)Nc2cn([C@H]3C[C@H](O)C3)cn2)cc1,5.962573502059376
CHEMBL571565,O=C(Cc1cccc2ccccc12)Nc1cn(C2CCC2)cn1,7.337242168318426
CHEMBL571780,CC(=O)N[C@H]1C[C@@H](n2cnc(NC(=O)Cc3cccc4ccccc34)c2)C1,8.096910013008056
CHEMBL571781,COc1ccc(CC(=O)Nc2cn([C@H]3C[C@@H](O)C3)cn2)cc1,7.022276394711152
CHEMBL571782,O=C(Cc1cccc2ccccc12)Nc1cn([C@H]2C[C@@H](NC(=O)c3cccc(Cl)n3)C2)cn1,8.221848749616356
CHEMBL572188,CC(=O)N(C)[C@H]1C[C@@H](n2cnc(NC(=O)Cc3cccc4ccccc34)c2)C1,6.97061622231479
CHEMBL576126,COc1ccc(CC(=O)Nc2cn([C@H]3C[C@@H](C(=O)OC)C3)cn2)cc1,6.838631997765025
CHEMBL576502,COc1ccc(CC(=O)Nc2cn([C@H]3C[C@@H](NC(C)=O)C3)cn2)cc1,8.045757490560675
CHEMBL577030,CCOC(=O)c1cc(-c2csc(-c3ccncc3)n2)c(=O)[nH]c1C,6.882728704344236
CHEMBL577495,CCOC(=O)c1cc(-c2csc(-c3ccnc(N)c3)n2)c(=O)[nH]c1C,7.698970004336019
CHEMBL577998,COc1ccc(CC(=O)Nc2cn([C@H]3C[C@H](C(=O)OC)C3)cn2)cc1,5.3585258894959
CHEMBL578375,CCOC(=O)c1cc(-c2csc(-c3ccnc(Cl)c3)n2)c(=O)[nH]c1C,6.795880017344075
CHEMBL578621,COc1ccc(CC(=O)Nc2cn(C3CCC3)cn2)cc1,6.838631997765025
CHEMBL582813,O=C(Cc1cccc2ccccc12)Nc1cn([C@H]2C[C@@H](NC(=O)c3ccncc3)C2)cn1,7.552841968657781
CHEMBL583632,CC(C)c1[nH]c(=O)c(-c2csc(-c3ccncc3)n2)cc1C(=O)OC1CCCN(C)C1,7.136677139879544
CHEMBL583636,CCOC(=O)c1cc(-c2csc(-c3ccnc(NC)c3)n2)c(=O)[nH]c1C(C)C,7.552841968657781
CHEMBL583658,Cc1cccc(C(=O)N[C@H]2C[C@@H](n3cnc(NC(=O)Cc4cccc5ccccc45)c3)C2)n1,8.221848749616356
CHEMBL584268,CCOC(=O)c1cc(-c2csc(-c3ccnc(NCC(C)C)c3)n2)c(=O)[nH]c1C,7.853871964321762
CHEMBL584506,CCOC(=O)c1cc(-c2csc(-c3ccncc3)n2)c(=O)[nH]c1C1CC1,6.703334809738469
CHEMBL590109,NCCn1cc(-c2cc(-c3cc4ccccc4s3)c3[nH]ncc3c2)c2nc(N)ncc21,6.638272163982407
CHEMBL593229,O=C1/C(=C/c2ccc(O)c(O)c2)Oc2cc(O)cc(O)c21,5.3814289718798705
CHEMBL597754,CNC(=O)c1nn(C)c2c1CCc1cnc(NC3CCN(C(=O)C4CCN(S(C)(=O)=O)CC4)CC3)nc1-2,8.221848749616356
CHEMBL599224,CC(=O)N1CCC(Nc2ncc3c(n2)-c2c(c(C(N)=O)nn2C)CC3)CC1,8.045757490560675
CHEMBL599428,Cn1nc(C(N)=O)c2c1-c1nc(NC3CCN(C(=O)c4ccccc4)CC3)ncc1CC2,8.0
CHEMBL602937,O=C1c2ccccc2-[n+]2ccc3c([nH]c4ccccc43)c21,4.698970004336019
CHEMBL604712,CC(C)(C)C(=O)N1Cc2c(NC(=O)c3cc(F)cc(F)c3)n[nH]c2C1(C)C,6.853871964321762
CHEMBL75680,CCCCc1c(-c2ccc(O)cc2)[nH]c2nccnc12,6.698970004336019
CHEMBL77217,CC(C)c1c(-c2ccc(Cl)cc2)[nH]c2nccnc12,4.886056647693163
CHEMBL95477,O=C1Cc2c([nH]c3ccc(Br)cc23)-c2cccc(O)c2N1,3.070999997461433
CHEMBL95827,COc1ccc2[nH]c3c(c2c1)CC(=O)Nc1ccccc1-3,5.677999975920387
CHEMBL97844,CCN1C(=O)Cc2c([nH]c3ccc(Br)cc23)-c2ccccc21,3.096999997288913
CHEMBL98153,O=C1Cc2c([nH]c3ccc(Cl)cc23)-c2ccccc2N1,6.097002310392405
CHEMBL98360,O=C1Cc2c([nH]c3ccc(Br)cc23)-c2cc(Br)ccc2N1,5.0
CHEMBL98501,Cc1cccc2c3c([nH]c12)-c1ccccc1NC(=O)C3,5.045999797954816
CHEMBL98554,O=C1Cc2c([nH]c3cc(Br)ccc23)-c2ccccc2N1,5.568999908632387
CHEMBL99037,O=C1Cc2c([nH]c3ccc(F)cc23)-c2ccccc2N1,5.88599985905086
CHEMBL99423,COc1cccc2c1NC(=O)Cc1c-2[nH]c2ccccc12,3.0
CHEMBL99779,O=C1Cc2c([nH]c3ccc(Br)cc23)-c2ccccc2N1Cc1ccccc1,3.569000005223132
CHEMBL99803,O=C1Cc2c(n(CCO)c3ccc(Br)cc23)-c2ccccc2N1,3.8540000070043243
